Name,Trace length,Continuations of 1, Continuations of 2,...
ycsb-sample,8472,2898,1569,311,0
alpine-0,90,33,30,27,24,21,18,15,12,9,6,4,3,2,1,0
alpine-1,90,33,30,27,24,21,18,15,12,9,6,4,3,2,1,0
alpine-2,198,107,101,95,89,83,77,71,65,59,53,48,44,40,36,32,30,28,26,24,22,20,18,16,14,12,10,8,6,4,2,0
alpine-init,97,66,62,58,54,50,46,42,38,35,32,29,26,23,20,18,16,14,13,12,11,10,9,8,7,6,5,4,3,2,1,0
busybox-0,158,74,68,62,58,54,50,46,42,39,36,33,30,27,24,22,20,18,16,14,12,10,9,8,7,6,5,4,3,2,1,0
busybox-1,73,22,19,16,14,12,10,8,6,5,4,3,2,1,0
busybox-2,149,64,58,52,47,42,37,33,29,27,25,23,21,19,17,16,15,14,13,12,11,10,9,8,7,6,5,4,3,2,1,0
busybox-init,141,84,77,70,65,60,55,50,45,42,39,36,33,30,27,24,21,18,15,13,11,9,7,6,5,4,3,2,1,0
cassandra-0,3274,939,825,742,707,672,639,607,580,556,533,512,491,470,449,429,410,391,372,353,334,318,303,289,276,263,250,238,226,215,205,198,194,190,186,182,178,174,170,166,162,158,154,150,146,142,138,134,131,128,125,122,119,116,113,110,107,104,101,98,95,92,89,86,83,80,78,76,74,72,70,68,66,64,62,60,58,56,54,52,50,48,46,44,43,42,41,40,39,38,37,36,35,34,33,32,31,30,29,28,27,26,25,24,23,22,21,20,19,18,17,16,15,14,13,12,11,10,9,8,7,6,5,4,3,2,1,0
cassandra-1,2734,494,436,405,379,354,330,307,286,269,252,237,222,207,192,178,165,152,139,126,113,103,94,86,79,73,67,61,56,51,47,45,44,43,42,41,40,39,38,37,36,35,34,33,32,31,30,29,28,27,26,25,24,23,22,21,20,19,18,17,16,15,14,13,12,11,10,9,8,7,6,5,4,3,2,1,0
cassandra-2,2731,505,448,418,391,365,339,313,290,272,254,238,222,207,192,178,165,152,139,126,113,103,94,86,79,73,67,61,56,51,47,45,44,43,42,41,40,39,38,37,36,35,34,33,32,31,30,29,28,27,26,25,24,23,22,21,20,19,18,17,16,15,14,13,12,11,10,9,8,7,6,5,4,3,2,1,0
cassandra-init,510,412,380,348,341,334,327,320,314,308,302,296,290,284,278,272,266,260,254,248,243,238,233,228,223,218,213,208,204,200,196,192,190,188,186,184,182,180,178,176,174,172,170,168,166,164,162,160,158,156,154,152,150,148,146,144,142,140,138,136,134,132,130,128,126,124,122,120,118,116,114,112,110,108,106,104,102,100,98,96,94,92,90,88,86,84,82,80,78,76,74,72,70,68,66,64,62,60,58,56,54,52,50,48,46,44,42,40,38,36,34,32,30,28,26,24,22,20,18,16,14,12,10,8,6,4,2,0
centos-0,238,155,145,137,129,121,113,105,97,89,81,74,67,61,55,49,43,38,34,30,26,23,20,17,14,11,8,5,3,1,0
centos-1,211,129,119,111,104,97,90,83,76,69,62,56,50,45,40,35,30,26,23,20,17,15,13,11,9,7,5,3,2,1,0
centos-2,211,129,119,111,104,97,90,83,76,69,62,56,50,45,40,35,30,26,23,20,17,15,13,11,9,7,5,3,2,1,0
centos-init,271,196,185,176,169,163,157,151,146,141,136,131,126,121,116,111,106,102,98,94,90,86,82,78,74,70,66,62,58,54,51,48,47,46,45,44,43,42,41,40,39,38,37,36,35,34,33,32,31,30,29,28,27,26,25,24,23,22,21,20,19,18,17,16,15,14,13,12,11,10,9,8,7,6,5,4,3,2,1,0
cirros-0,74,23,18,15,12,10,9,8,7,6,5,4,3,2,1,0
cirros-1,89,36,32,29,26,23,20,17,15,13,11,9,7,5,3,1,0
cirros-2,89,36,32,29,26,23,20,17,15,13,11,9,7,5,3,1,0
cirros-init,602,448,398,350,339,329,321,313,306,299,292,285,278,271,264,257,250,243,236,230,224,218,212,206,200,194,189,184,179,174,169,164,161,158,155,152,150,148,146,144,142,140,138,136,134,132,130,128,126,124,122,120,118,116,114,112,110,108,106,104,102,100,98,96,94,92,90,88,86,84,82,80,78,76,74,72,70,68,66,64,62,60,58,56,54,52,50,48,46,44,42,40,38,36,34,32,31,30,29,28,27,26,25,24,23,22,21,20,19,18,17,16,15,14,13,12,11,10,9,8,7,6,5,4,3,2,1,0
clojure-0,2807,655,588,543,506,472,441,410,382,354,328,303,278,254,232,210,190,172,157,142,128,117,106,95,85,75,65,57,50,45,41,38,36,34,32,30,28,26,24,22,20,18,16,14,12,11,10,9,8,7,6,5,4,3,2,1,0
clojure-1,2793,644,577,538,504,474,445,416,392,368,345,323,301,280,260,240,220,203,187,171,156,143,130,118,107,96,85,76,68,62,58,55,54,53,52,51,50,49,48,47,46,45,44,43,42,41,40,39,38,37,36,35,34,33,32,31,30,29,28,27,26,25,24,23,22,21,20,19,18,17,16,15,14,13,12,11,10,9,8,7,6,5,4,3,2,1,0
clojure-2,2793,646,579,540,506,476,447,418,394,370,347,325,303,282,262,242,222,205,189,173,157,143,130,118,107,96,85,76,68,62,58,55,54,53,52,51,50,49,48,47,46,45,44,43,42,41,40,39,38,37,36,35,34,33,32,31,30,29,28,27,26,25,24,23,22,21,20,19,18,17,16,15,14,13,12,11,10,9,8,7,6,5,4,3,2,1,0
clojure-init,214,139,132,125,120,115,110,105,100,95,90,85,80,75,70,65,60,55,50,46,42,38,34,30,26,22,18,14,10,6,3,0
crate-0,3447,348,298,276,259,242,228,214,202,190,178,166,154,142,131,122,113,104,95,86,78,71,64,57,52,47,43,39,35,31,28,26,25,24,23,22,21,20,19,18,17,16,15,14,13,12,11,10,9,8,7,6,5,4,3,2,1,0
crate-1,3420,367,317,295,275,257,242,227,215,203,191,179,167,155,144,135,126,117,108,99,90,82,74,66,60,54,49,44,39,34,30,27,26,25,24,23,22,21,20,19,18,17,16,15,14,13,12,11,10,9,8,7,6,5,4,3,2,1,0
crate-2,3402,350,301,280,261,243,228,213,201,189,177,165,153,141,129,120,112,104,96,88,80,73,66,59,54,49,45,41,37,33,30,28,27,26,25,24,23,22,21,20,19,18,17,16,15,14,13,12,11,10,9,8,7,6,5,4,3,2,1,0
crate-init,537,417,374,331,322,313,304,295,287,279,271,263,255,247,239,232,225,218,211,204,198,192,186,180,174,168,162,156,150,144,138,132,128,124,120,116,113,110,107,104,102,100,98,96,94,92,90,88,86,84,82,80,78,76,74,72,71,70,69,68,67,66,65,64,63,62,61,60,59,58,57,56,55,54,53,52,51,50,49,48,47,46,45,44,43,42,41,40,39,38,37,36,35,34,33,32,31,30,29,28,27,26,25,24,23,22,21,20,19,18,17,16,15,14,13,12,11,10,9,8,7,6,5,4,3,2,1,0
crux-0,136,73,66,60,55,50,46,42,38,34,30,26,22,18,14,11,9,8,7,6,5,4,3,2,1,0
crux-1,100,46,41,37,34,31,28,25,22,19,16,13,10,7,5,3,1,0
crux-2,138,74,67,61,56,51,46,41,36,31,26,22,18,14,11,8,5,3,2,1,0
crux-init,664,491,424,358,345,332,320,308,299,291,284,277,270,263,256,250,245,240,235,230,225,220,215,211,207,203,199,195,191,187,183,180,178,176,174,172,170,168,166,164,162,160,158,156,154,152,150,148,146,144,142,140,138,136,134,132,130,128,126,124,122,120,118,116,114,112,110,108,106,104,102,100,98,96,94,92,90,88,86,84,82,80,78,76,74,72,70,68,66,64,62,60,58,56,54,52,50,48,46,44,42,40,38,36,34,32,30,28,26,24,22,20,18,16,14,12,11,10,9,8,7,6,5,4,3,2,1,0
debian-0,195,122,114,108,102,96,90,84,79,74,69,64,59,54,49,44,39,34,30,27,24,21,18,15,13,11,9,7,5,3,1,0
debian-1,195,122,114,108,102,96,90,84,79,74,69,64,59,54,49,44,39,34,30,27,24,21,18,15,13,11,9,7,5,3,1,0
debian-2,195,122,114,108,102,96,90,84,79,74,69,64,59,54,49,44,39,34,30,27,24,21,18,15,13,11,9,7,5,3,1,0
debian-init,147,92,88,84,80,76,72,68,64,60,56,52,48,44,40,36,32,28,25,23,21,19,17,15,13,11,9,7,5,3,1,0
django-0,1548,729,675,633,598,566,535,506,480,455,431,408,385,363,341,319,297,275,253,232,212,193,175,157,140,126,113,103,95,87,79,73,72,71,70,69,68,67,66,65,64,63,62,61,60,59,58,57,56,55,54,53,52,51,50,49,48,47,46,45,44,43,42,41,40,39,38,37,36,35,34,33,32,31,30,29,28,27,26,25,24,23,22,21,20,19,18,17,16,15,14,13,12,11,10,9,8,7,6,5,4,3,2,1,0
django-1,1387,608,559,522,491,461,432,404,379,355,332,311,290,270,250,232,214,198,182,167,155,144,134,124,115,107,99,92,87,82,77,74,73,72,71,70,69,68,67,66,65,64,63,62,61,60,59,58,57,56,55,54,53,52,51,50,49,48,47,46,45,44,43,42,41,40,39,38,37,36,35,34,33,32,31,30,29,28,27,26,25,24,23,22,21,20,19,18,17,16,15,14,13,12,11,10,9,8,7,6,5,4,3,2,1,0
django-2,1387,607,559,522,491,461,432,404,379,355,332,311,290,270,250,232,214,198,182,167,155,144,134,124,115,107,99,92,87,82,77,74,73,72,71,70,69,68,67,66,65,64,63,62,61,60,59,58,57,56,55,54,53,52,51,50,49,48,47,46,45,44,43,42,41,40,39,38,37,36,35,34,33,32,31,30,29,28,27,26,25,24,23,22,21,20,19,18,17,16,15,14,13,12,11,10,9,8,7,6,5,4,3,2,1,0
django-init,196,134,129,124,119,114,109,104,99,94,89,84,79,74,69,64,59,54,49,44,40,36,32,28,24,20,16,12,9,6,3,0
drupal-0,1140,511,475,442,410,380,350,321,296,272,249,226,206,188,172,156,141,127,114,102,92,83,75,67,62,57,52,48,45,42,39,37,36,35,34,33,32,31,30,29,28,27,26,25,24,23,22,21,20,19,18,17,16,15,14,13,12,11,10,9,8,7,6,5,4,3,2,1,0
drupal-1,1220,570,533,499,465,434,404,374,348,322,298,274,250,228,207,188,170,154,140,126,113,101,91,82,74,66,60,54,49,44,40,37,36,35,34,33,32,31,30,29,28,27,26,25,24,23,22,21,20,19,18,17,16,15,14,13,12,11,10,9,8,7,6,5,4,3,2,1,0
drupal-2,1105,484,452,423,394,368,342,316,294,272,251,230,209,190,172,156,141,128,117,106,96,87,79,72,66,60,55,50,46,42,39,37,36,35,34,33,32,31,30,29,28,27,26,25,24,23,22,21,20,19,18,17,16,15,14,13,12,11,10,9,8,7,6,5,4,3,2,1,0
drupal-init,193,129,123,117,112,107,102,97,92,87,82,77,72,67,62,57,52,47,43,39,35,31,27,23,19,15,11,8,6,4,2,0
elasticsearch-0,2990,430,374,346,323,302,282,263,246,230,215,200,186,172,160,148,136,125,114,103,93,85,77,70,63,57,51,45,40,36,32,29,28,27,26,25,24,23,22,21,20,19,18,17,16,15,14,13,12,11,10,9,8,7,6,5,4,3,2,1,0
elasticsearch-1,2970,424,370,344,322,300,279,259,242,227,213,199,186,173,161,149,137,126,115,104,94,86,78,71,64,58,52,46,41,37,33,30,29,28,27,26,25,24,23,22,21,20,19,18,17,16,15,14,13,12,11,10,9,8,7,6,5,4,3,2,1,0
elasticsearch-2,2924,397,343,317,295,274,254,235,219,205,192,179,167,155,144,133,122,112,102,92,83,76,69,63,57,52,47,42,38,35,32,30,29,28,27,26,25,24,23,22,21,20,19,18,17,16,15,14,13,12,11,10,9,8,7,6,5,4,3,2,1,0
elasticsearch-init,221,136,126,116,107,98,90,82,75,68,61,54,49,44,40,36,33,30,27,24,22,20,18,16,14,12,10,8,6,4,2,0
fedora-0,206,129,121,114,107,100,93,87,81,75,69,63,57,52,47,42,37,32,28,25,22,19,16,13,10,8,6,4,3,2,1,0
fedora-1,206,129,121,114,107,100,93,87,81,75,69,63,57,52,47,42,37,32,28,25,22,19,16,13,10,8,6,4,3,2,1,0
fedora-2,289,189,179,170,161,152,143,135,127,119,111,103,95,88,81,74,67,60,54,49,44,39,34,29,24,20,16,12,9,6,3,0
fedora-init,184,133,128,123,118,113,108,103,98,93,88,83,78,73,68,63,58,53,48,44,40,36,32,28,24,20,16,12,9,6,3,0
gcc-0,934,411,384,362,341,320,301,282,265,249,233,217,201,185,170,156,142,129,117,105,93,81,69,60,51,45,39,33,28,23,19,16,15,14,13,12,11,10,9,8,7,6,5,4,3,2,1,0
gcc-1,942,408,380,358,339,321,304,287,270,253,236,219,203,187,171,157,143,131,119,108,97,87,77,67,57,48,40,33,27,23,21,19,18,17,16,15,14,13,12,11,10,9,8,7,6,5,4,3,2,1,0
gcc-2,942,409,380,358,339,321,304,287,270,253,236,219,203,187,171,157,143,131,119,108,97,87,77,67,57,48,40,33,27,23,21,19,18,17,16,15,14,13,12,11,10,9,8,7,6,5,4,3,2,1,0
gcc-init,238,151,143,135,127,119,111,103,95,88,81,74,67,60,53,47,41,36,31,27,23,20,18,16,14,12,10,8,6,4,2,0
ghost-0,4116,1372,1244,1149,1069,1001,943,888,840,795,755,717,681,646,612,580,551,523,495,467,440,418,398,379,362,346,334,325,317,310,304,300,298,296,294,292,290,288,286,284,282,280,278,276,274,272,270,268,266,264,262,260,258,256,254,252,250,248,246,244,242,240,238,236,234,232,230,228,226,224,222,220,218,216,214,212,210,208,206,204,202,200,198,196,194,192,190,188,186,184,182,180,178,176,174,172,170,168,166,164,162,160,158,156,154,152,150,148,146,144,142,140,138,136,134,132,130,128,126,124,122,120,118,116,114,112,110,108,106,104,102,100,98,96,94,92,90,88,86,85,84,83,82,81,80,79,78,77,76,75,74,73,72,71,70,69,68,67,66,65,64,63,62,61,60,59,58,57,56,55,54,53,52,51,50,49,48,47,46,45,44,43,42,41,40,39,38,37,36,35,34,33,32,31,30,29,28,27,26,25,24,23,22,21,20,19,18,17,16,15,14,13,12,11,10,9,8,7,6,5,4,3,2,1,0
ghost-1,4091,1360,1236,1148,1070,1003,945,890,841,794,750,710,673,637,604,575,550,526,503,481,460,442,425,408,392,377,364,351,339,330,323,320,318,317,316,315,314,313,312,311,310,309,308,307,306,305,304,303,302,301,300,299,298,297,296,295,294,293,292,291,290,289,288,287,286,285,284,283,282,281,280,279,278,277,276,275,274,273,272,271,270,269,268,267,266,265,264,263,262,261,260,259,258,257,256,255,254,253,252,251,250,249,248,247,246,245,244,243,242,241,240,239,238,237,236,235,234,233,232,231,230,229,228,227,226,225,224,223,222,221,220,219,218,217,216,215,214,213,212,211,210,209,208,207,206,205,204,203,202,201,200,199,198,197,196,195,194,193,192,191,190,189,188,187,186,185,184,183,182,181,180,179,178,177,176,175,174,173,172,171,170,169,168,167,166,165,164,163,162,161,160,159,158,157,156,155,154,153,152,151,150,149,148,147,146,145,144,143,142,141,140,139,138,137,136,135,134,133,132,131,130,129,128,127,126,125,124,123,122,121,120,119,118,117,116,115,114,113,112,111,110,109,108,107,106,105,104,103,102,101,100,99,98,97,96,95,94,93,92,91,90,89,88,87,86,85,84,83,82,81,80,79,78,77,76,75,74,73,72,71,70,69,68,67,66,65,64,63,62,61,60,59,58,57,56,55,54,53,52,51,50,49,48,47,46,45,44,43,42,41,40,39,38,37,36,35,34,33,32,31,30,29,28,27,26,25,24,23,22,21,20,19,18,17,16,15,14,13,12,11,10,9,8,7,6,5,4,3,2,1,0
ghost-2,4120,1364,1239,1150,1073,1005,946,891,842,796,753,714,677,641,607,577,551,526,502,480,459,441,424,407,391,376,363,350,338,329,322,319,317,316,315,314,313,312,311,310,309,308,307,306,305,304,303,302,301,300,299,298,297,296,295,294,293,292,291,290,289,288,287,286,285,284,283,282,281,280,279,278,277,276,275,274,273,272,271,270,269,268,267,266,265,264,263,262,261,260,259,258,257,256,255,254,253,252,251,250,249,248,247,246,245,244,243,242,241,240,239,238,237,236,235,234,233,232,231,230,229,228,227,226,225,224,223,222,221,220,219,218,217,216,215,214,213,212,211,210,209,208,207,206,205,204,203,202,201,200,199,198,197,196,195,194,193,192,191,190,189,188,187,186,185,184,183,182,181,180,179,178,177,176,175,174,173,172,171,170,169,168,167,166,165,164,163,162,161,160,159,158,157,156,155,154,153,152,151,150,149,148,147,146,145,144,143,142,141,140,139,138,137,136,135,134,133,132,131,130,129,128,127,126,125,124,123,122,121,120,119,118,117,116,115,114,113,112,111,110,109,108,107,106,105,104,103,102,101,100,99,98,97,96,95,94,93,92,91,90,89,88,87,86,85,84,83,82,81,80,79,78,77,76,75,74,73,72,71,70,69,68,67,66,65,64,63,62,61,60,59,58,57,56,55,54,53,52,51,50,49,48,47,46,45,44,43,42,41,40,39,38,37,36,35,34,33,32,31,30,29,28,27,26,25,24,23,22,21,20,19,18,17,16,15,14,13,12,11,10,9,8,7,6,5,4,3,2,1,0
ghost-init,925,735,657,579,568,557,546,535,527,519,511,503,495,487,479,471,463,455,447,440,433,426,419,412,405,398,391,384,377,370,363,356,352,348,344,340,336,332,328,324,320,316,312,308,304,300,296,292,288,284,280,276,272,268,264,260,256,252,248,244,240,236,232,228,224,220,216,212,208,204,200,196,192,188,184,180,176,172,168,164,160,156,152,148,144,140,136,132,128,124,120,116,112,108,104,100,96,92,88,84,81,78,75,72,69,66,63,60,57,54,51,48,45,42,39,36,33,30,27,24,21,18,15,12,9,6,3,0
glassfish-0,7403,2843,2558,2455,2367,2292,2226,2166,2113,2061,2010,1964,1921,1881,1843,1808,1775,1745,1715,1686,1659,1633,1607,1581,1556,1535,1514,1497,1480,1463,1448,1434,1424,1414,1405,1396,1387,1378,1369,1360,1352,1344,1336,1328,1320,1312,1304,1296,1288,1280,1272,1264,1256,1248,1240,1232,1224,1216,1208,1200,1192,1184,1176,1168,1160,1153,1146,1140,1134,1128,1122,1117,1112,1107,1102,1097,1092,1087,1082,1077,1072,1067,1062,1057,1052,1048,1044,1040,1036,1032,1028,1024,1020,1016,1012,1008,1004,1000,996,992,988,984,981,978,975,972,969,966,963,960,957,954,951,948,945,942,939,936,933,930,927,924,921,918,915,912,909,906,903,900,897,894,891,888,885,882,879,876,873,870,867,864,861,858,855,852,849,846,843,840,837,834,831,828,825,822,819,816,813,810,807,804,801,798,795,792,789,786,783,780,777,774,771,768,765,762,759,756,753,750,747,744,741,738,735,732,729,726,723,720,717,714,711,708,705,702,699,696,693,690,687,684,681,678,675,672,669,666,663,660,657,654,651,648,645,642,639,636,633,630,627,624,621,618,615,612,609,606,603,600,597,594,591,588,585,582,579,576,573,570,567,564,561,558,555,552,549,546,543,540,537,534,531,528,525,522,519,516,513,510,508,506,504,502,500,498,496,494,492,490,488,486,484,482,480,478,476,474,472,470,468,466,464,462,460,458,456,454,452,450,448,446,444,442,440,438,436,434,432,430,428,426,424,422,420,418,416,414,412,410,408,406,404,402,400,398,396,394,392,390,388,386,384,382,380,378,376,374,372,370,368,366,364,362,360,358,356,354,352,350,348,346,344,342,340,338,336,334,332,330,328,326,324,322,320,318,316,314,312,310,308,306,304,302,300,298,296,294,292,290,288,286,284,282,280,278,276,274,272,270,268,266,264,262,260,258,256,254,252,250,248,246,244,242,240,238,236,234,232,230,228,226,224,222,220,218,216,214,212,210,208,206,204,202,200,198,196,194,192,190,188,186,184,182,180,178,176,174,172,170,168,166,164,162,160,158,156,154,152,150,148,146,144,142,140,138,136,134,132,130,128,126,124,122,120,118,116,114,112,110,108,106,104,102,100,98,96,94,92,90,88,86,84,82,80,78,76,74,72,70,68,66,64,62,60,58,56,54,52,50,48,46,44,42,40,39,38,37,36,35,34,33,32,31,30,29,28,27,26,25,24,23,22,21,20,19,18,17,16,15,14,13,12,11,10,9,8,7,6,5,4,3,2,1,0
glassfish-1,7249,2790,2513,2416,2332,2261,2200,2142,2092,2046,2003,1964,1925,1889,1854,1821,1790,1760,1730,1700,1672,1646,1622,1599,1578,1558,1539,1521,1503,1485,1469,1455,1447,1439,1432,1425,1418,1411,1404,1397,1391,1385,1379,1373,1367,1361,1355,1349,1343,1337,1331,1325,1319,1313,1307,1302,1297,1292,1287,1282,1277,1272,1267,1262,1257,1252,1247,1243,1239,1235,1231,1227,1223,1219,1215,1211,1207,1203,1199,1195,1191,1187,1183,1179,1175,1171,1167,1163,1161,1159,1157,1155,1153,1151,1149,1147,1145,1143,1141,1139,1137,1135,1133,1131,1129,1127,1125,1123,1121,1119,1117,1115,1113,1111,1109,1107,1105,1103,1101,1099,1097,1095,1093,1091,1089,1087,1085,1083,1081,1079,1077,1075,1073,1071,1069,1067,1065,1063,1061,1059,1057,1055,1053,1051,1049,1047,1045,1043,1041,1039,1037,1035,1033,1031,1029,1027,1025,1023,1021,1019,1017,1015,1013,1011,1009,1007,1005,1003,1001,999,997,995,993,991,989,987,985,983,981,979,977,975,973,971,969,967,965,963,961,959,957,955,953,951,949,947,945,943,941,939,937,935,933,931,929,927,925,923,921,919,917,915,913,911,909,907,905,903,901,899,897,895,893,891,889,887,885,883,881,879,877,875,873,871,869,867,865,863,861,859,857,855,853,851,849,847,845,843,841,839,837,835,833,831,829,827,825,823,821,819,817,815,813,811,809,807,805,803,801,799,797,795,793,791,789,787,785,783,781,779,777,775,773,771,769,767,765,763,761,759,757,755,753,751,749,747,745,743,741,739,737,735,733,731,729,727,725,723,721,719,717,715,713,711,709,707,705,703,701,699,697,695,693,691,689,687,685,683,681,679,677,675,673,671,669,667,665,663,661,659,657,655,653,651,649,647,645,643,641,639,637,635,633,631,629,627,625,623,621,619,617,615,613,611,609,607,605,603,601,599,597,595,593,591,589,587,585,583,581,579,577,575,573,571,569,567,565,563,561,559,557,555,553,551,549,547,545,543,541,539,537,535,533,531,529,527,525,523,521,519,517,515,513,511,509,507,505,503,501,499,497,495,493,491,489,487,485,483,481,479,477,475,473,471,469,467,465,463,461,459,457,455,453,451,449,447,445,443,441,439,437,435,433,431,429,427,425,423,421,419,417,415,413,411,409,407,405,403,401,399,397,395,393,391,389,387,385,383,381,379,377,375,373,371,369,367,365,363,361,359,357,355,353,351,349,347,345,343,341,339,337,335,333,331,329,327,325,323,321,319,317,315,313,311,309,307,305,303,301,299,297,295,293,291,289,287,285,283,281,279,277,275,273,271,269,267,265,263,261,259,257,255,253,251,249,247,245,243,241,239,237,235,234,233,232,231,230,229,228,227,226,225,224,223,222,221,220,219,218,217,216,215,214,213,212,211,210,209,208,207,206,205,204,203,202,201,200,199,198,197,196,195,194,193,192,191,190,189,188,187,186,185,184,183,182,181,180,179,178,177,176,175,174,173,172,171,170,169,168,167,166,165,164,163,162,161,160,159,158,157,156,155,154,153,152,151,150,149,148,147,146,145,144,143,142,141,140,139,138,137,136,135,134,133,132,131,130,129,128,127,126,125,124,123,122,121,120,119,118,117,116,115,114,113,112,111,110,109,108,107,106,105,104,103,102,101,100,99,98,97,96,95,94,93,92,91,90,89,88,87,86,85,84,83,82,81,80,79,78,77,76,75,74,73,72,71,70,69,68,67,66,65,64,63,62,61,60,59,58,57,56,55,54,53,52,51,50,49,48,47,46,45,44,43,42,41,40,39,38,37,36,35,34,33,32,31,30,29,28,27,26,25,24,23,22,21,20,19,18,17,16,15,14,13,12,11,10,9,8,7,6,5,4,3,2,1,0
glassfish-2,7221,2715,2433,2333,2246,2173,2109,2048,1997,1951,1908,1870,1832,1797,1763,1731,1701,1673,1645,1617,1590,1565,1542,1521,1502,1484,1467,1452,1437,1422,1409,1398,1391,1384,1378,1372,1366,1360,1354,1348,1343,1338,1333,1328,1323,1318,1313,1308,1303,1298,1294,1290,1286,1282,1278,1274,1270,1266,1262,1258,1254,1250,1246,1242,1238,1234,1230,1227,1224,1221,1218,1215,1212,1209,1206,1203,1200,1197,1194,1191,1188,1185,1182,1179,1176,1173,1170,1167,1164,1161,1158,1155,1152,1149,1146,1143,1140,1137,1134,1131,1128,1125,1122,1119,1116,1113,1110,1107,1104,1101,1098,1095,1092,1089,1086,1083,1080,1077,1074,1071,1068,1065,1062,1059,1056,1053,1050,1047,1044,1041,1038,1035,1032,1029,1027,1025,1023,1021,1019,1017,1015,1013,1011,1009,1007,1005,1003,1001,999,997,995,993,991,989,987,985,983,981,979,977,975,973,971,969,967,965,963,961,959,957,955,953,951,949,947,945,943,941,939,937,935,933,931,929,927,925,923,921,919,917,915,913,911,909,907,905,903,901,899,897,895,893,891,889,887,885,883,881,879,877,875,873,871,869,867,865,863,861,859,857,855,853,851,849,847,845,843,841,839,837,835,833,831,829,827,825,823,821,819,817,815,813,811,809,807,805,803,801,799,797,795,793,791,789,787,785,783,781,779,777,775,773,771,769,767,765,763,761,759,757,755,753,751,749,747,745,743,741,739,737,735,733,731,729,727,725,723,721,719,717,715,713,711,709,707,705,703,701,699,697,695,693,691,689,687,685,683,681,679,677,675,673,671,669,667,665,663,661,659,657,655,653,651,649,647,645,643,641,639,637,635,633,631,629,627,625,623,621,619,617,615,613,611,609,607,605,603,601,599,597,595,593,591,589,587,585,583,581,579,577,575,573,571,569,567,565,563,561,559,557,555,553,551,549,547,545,543,541,539,537,535,533,531,529,527,525,523,521,519,517,515,513,511,509,507,505,503,501,499,497,495,493,491,489,487,485,483,481,479,477,475,473,471,469,467,465,463,461,459,457,455,453,451,449,447,445,443,441,439,437,435,433,431,429,427,425,423,421,419,417,415,413,411,409,407,405,403,401,399,397,395,393,391,389,387,385,383,381,379,377,375,373,371,369,367,365,363,361,359,357,355,353,351,349,347,345,343,341,339,337,335,333,331,329,327,325,323,321,319,317,315,313,311,309,307,305,303,301,299,297,295,293,291,289,287,285,283,281,279,277,275,273,271,269,267,265,263,261,259,257,255,253,251,249,248,247,246,245,244,243,242,241,240,239,238,237,236,235,234,233,232,231,230,229,228,227,226,225,224,223,222,221,220,219,218,217,216,215,214,213,212,211,210,209,208,207,206,205,204,203,202,201,200,199,198,197,196,195,194,193,192,191,190,189,188,187,186,185,184,183,182,181,180,179,178,177,176,175,174,173,172,171,170,169,168,167,166,165,164,163,162,161,160,159,158,157,156,155,154,153,152,151,150,149,148,147,146,145,144,143,142,141,140,139,138,137,136,135,134,133,132,131,130,129,128,127,126,125,124,123,122,121,120,119,118,117,116,115,114,113,112,111,110,109,108,107,106,105,104,103,102,101,100,99,98,97,96,95,94,93,92,91,90,89,88,87,86,85,84,83,82,81,80,79,78,77,76,75,74,73,72,71,70,69,68,67,66,65,64,63,62,61,60,59,58,57,56,55,54,53,52,51,50,49,48,47,46,45,44,43,42,41,40,39,38,37,36,35,34,33,32,31,30,29,28,27,26,25,24,23,22,21,20,19,18,17,16,15,14,13,12,11,10,9,8,7,6,5,4,3,2,1,0
glassfish-init,178,111,104,97,90,83,77,71,65,59,54,50,46,42,38,34,30,26,23,20,17,14,12,10,8,6,5,4,3,2,1,0
golang-0,1251,540,464,428,401,375,350,327,306,285,266,248,231,216,202,188,174,160,148,137,127,118,109,103,98,93,88,83,78,74,70,67,66,65,64,63,62,61,60,59,58,57,56,55,54,53,52,51,50,49,48,47,46,45,44,43,42,41,40,39,38,37,36,35,34,33,32,31,30,29,28,27,26,25,24,23,22,21,20,19,18,17,16,15,14,13,12,11,10,9,8,7,6,5,4,3,2,1,0
golang-1,1253,546,470,431,402,373,347,322,299,277,257,240,223,207,193,180,167,155,144,135,127,119,112,105,99,93,88,83,78,73,69,66,65,64,63,62,61,60,59,58,57,56,55,54,53,52,51,50,49,48,47,46,45,44,43,42,41,40,39,38,37,36,35,34,33,32,31,30,29,28,27,26,25,24,23,22,21,20,19,18,17,16,15,14,13,12,11,10,9,8,7,6,5,4,3,2,1,0
golang-2,1253,543,469,431,402,373,347,322,299,277,257,240,223,207,193,180,167,155,144,135,127,119,112,105,99,93,88,83,78,73,69,66,65,64,63,62,61,60,59,58,57,56,55,54,53,52,51,50,49,48,47,46,45,44,43,42,41,40,39,38,37,36,35,34,33,32,31,30,29,28,27,26,25,24,23,22,21,20,19,18,17,16,15,14,13,12,11,10,9,8,7,6,5,4,3,2,1,0
golang-init,167,104,99,94,89,84,79,74,69,64,60,56,52,48,44,40,36,32,28,25,22,19,17,15,13,11,9,7,5,3,1,0
haskell-0,2199,634,587,552,522,494,466,439,413,389,366,344,323,302,282,262,242,223,205,187,171,156,144,133,122,111,102,93,85,78,72,67,65,63,61,59,57,55,53,51,49,47,45,43,41,39,37,35,33,31,29,28,27,26,25,24,23,22,21,20,19,18,17,16,15,14,13,12,11,10,9,8,7,6,5,4,3,2,1,0
haskell-1,1976,457,420,393,371,350,329,309,290,272,254,237,221,205,190,175,160,146,133,120,109,98,89,81,73,65,58,51,45,40,36,33,32,31,30,29,28,27,26,25,24,23,22,21,20,19,18,17,16,15,14,13,12,11,10,9,8,7,6,5,4,3,2,1,0
haskell-2,1976,455,417,389,366,344,322,301,281,263,245,228,212,196,181,166,151,138,126,114,104,94,86,79,72,65,58,51,45,40,36,33,32,31,30,29,28,27,26,25,24,23,22,21,20,19,18,17,16,15,14,13,12,11,10,9,8,7,6,5,4,3,2,1,0
haskell-init,224,154,147,140,133,126,119,112,105,98,91,84,77,70,64,58,53,48,43,39,35,31,27,24,21,18,15,12,9,6,3,0
hello-world-0,34,10,8,7,6,5,4,3,2,1,0
hello-world-1,28,10,8,7,6,5,4,3,2,1,0
hello-world-2,28,10,8,7,6,5,4,3,2,1,0
hello-world-init,873,689,608,528,518,509,500,491,486,481,476,471,466,461,456,451,446,441,436,432,428,424,420,416,412,408,404,400,396,392,388,384,380,376,372,368,364,360,356,352,348,344,340,336,332,328,324,320,316,312,308,304,300,296,292,288,284,280,276,272,268,264,260,256,252,248,244,240,236,232,228,224,220,216,212,208,204,200,196,192,188,184,180,176,172,168,164,160,156,152,148,144,140,136,132,128,124,120,116,112,108,104,100,96,92,88,84,80,76,72,68,64,60,56,52,48,44,40,36,32,28,24,20,16,12,8,4,0
httpd-0,585,311,291,273,255,237,220,205,192,179,166,153,140,127,116,106,97,88,80,72,64,57,50,43,37,32,28,24,20,16,13,11,10,9,8,7,6,5,4,3,2,1,0
httpd-1,407,180,167,156,145,134,124,116,109,102,95,88,81,74,68,63,59,55,51,47,43,40,37,34,31,28,25,22,19,16,13,11,10,9,8,7,6,5,4,3,2,1,0
httpd-2,407,180,167,156,145,134,124,116,109,102,95,88,81,74,68,63,59,55,51,47,43,40,37,34,31,28,25,22,19,16,13,11,10,9,8,7,6,5,4,3,2,1,0
httpd-init,655,484,432,380,369,358,347,336,329,322,315,308,301,294,287,280,273,266,259,252,246,240,234,228,222,216,210,204,198,192,186,180,178,176,174,172,170,168,166,164,162,160,158,156,154,152,150,148,146,144,142,140,138,136,134,132,130,128,126,124,122,120,118,116,114,112,110,108,106,104,102,100,98,96,94,92,90,88,86,84,82,80,78,76,74,72,70,68,66,64,62,60,58,56,54,52,50,48,46,44,42,40,38,36,34,32,30,28,26,24,22,20,18,16,14,12,11,10,9,8,7,6,5,4,3,2,1,0
hylang-0,1309,637,589,549,514,481,452,426,403,381,359,339,319,299,280,261,242,224,206,188,171,155,140,126,115,104,95,87,82,77,72,69,68,67,66,65,64,63,62,61,60,59,58,57,56,55,54,53,52,51,50,49,48,47,46,45,44,43,42,41,40,39,38,37,36,35,34,33,32,31,30,29,28,27,26,25,24,23,22,21,20,19,18,17,16,15,14,13,12,11,10,9,8,7,6,5,4,3,2,1,0
hylang-1,1324,646,597,556,521,487,457,431,407,384,362,340,319,299,280,261,242,223,205,188,171,155,141,127,115,104,95,87,82,77,73,70,69,68,67,66,65,64,63,62,61,60,59,58,57,56,55,54,53,52,51,50,49,48,47,46,45,44,43,42,41,40,39,38,37,36,35,34,33,32,31,30,29,28,27,26,25,24,23,22,21,20,19,18,17,16,15,14,13,12,11,10,9,8,7,6,5,4,3,2,1,0
hylang-2,1334,647,597,556,521,487,457,431,407,384,362,340,319,299,280,261,242,223,205,188,171,155,141,127,115,104,95,87,82,77,73,70,69,68,67,66,65,64,63,62,61,60,59,58,57,56,55,54,53,52,51,50,49,48,47,46,45,44,43,42,41,40,39,38,37,36,35,34,33,32,31,30,29,28,27,26,25,24,23,22,21,20,19,18,17,16,15,14,13,12,11,10,9,8,7,6,5,4,3,2,1,0
hylang-init,243,161,152,145,138,131,125,119,113,107,101,95,89,83,77,71,65,59,53,48,43,38,33,28,23,18,15,12,9,6,3,0
iojs-0,515,224,209,197,186,175,164,153,144,135,126,117,108,99,91,83,75,67,60,53,46,40,34,28,23,18,14,11,8,5,2,0
iojs-1,543,255,240,228,217,206,195,184,175,166,157,148,139,130,121,112,103,94,85,76,67,59,51,43,36,30,24,18,12,7,3,0
iojs-2,543,256,240,228,217,206,195,184,175,166,157,148,139,130,121,112,103,94,85,76,67,59,51,43,36,30,24,18,12,7,3,0
iojs-init,190,115,109,103,97,91,86,81,76,71,66,61,56,51,46,42,38,35,32,29,26,23,20,17,14,11,8,6,4,2,1,0
java-0,1561,557,510,477,449,422,398,374,352,330,308,286,264,242,221,202,184,168,153,138,123,109,96,83,71,60,50,41,34,28,22,18,17,16,15,14,13,12,11,10,9,8,7,6,5,4,3,2,1,0
java-1,1423,450,404,375,350,327,307,287,269,253,237,221,206,191,176,162,149,137,125,113,101,90,79,69,60,51,43,37,32,27,23,20,19,18,17,16,15,14,13,12,11,10,9,8,7,6,5,4,3,2,1,0
java-2,1411,448,404,375,350,327,307,287,269,253,237,221,206,191,176,162,149,137,125,113,101,90,79,69,60,51,43,37,32,27,23,20,19,18,17,16,15,14,13,12,11,10,9,8,7,6,5,4,3,2,1,0
java-init,305,184,152,121,111,101,93,86,80,74,69,64,59,54,49,44,39,34,29,25,22,19,16,13,10,8,6,4,3,2,1,0
jenkins-0,3744,727,645,596,551,508,469,431,397,363,331,300,270,240,214,191,170,151,135,119,103,90,79,68,58,49,41,34,28,24,20,17,15,13,11,9,7,5,4,3,2,1,0
jenkins-1,3456,618,549,508,473,438,406,375,348,321,295,272,249,227,208,189,170,153,137,121,107,96,86,76,68,60,52,45,39,36,33,31,29,27,25,23,22,21,20,19,18,17,16,15,14,13,12,11,10,9,8,7,6,5,4,3,2,1,0
jenkins-2,3431,648,579,537,501,465,432,400,372,344,317,293,270,247,227,207,187,169,152,135,120,108,97,86,77,68,59,51,44,40,36,33,31,29,27,25,23,22,21,20,19,18,17,16,15,14,13,12,11,10,9,8,7,6,5,4,3,2,1,0
jenkins-init,228,150,141,132,126,120,114,108,102,96,90,84,78,72,66,61,56,51,46,42,38,34,30,26,22,18,15,12,9,6,3,0
jetty-0,1933,522,470,433,402,372,344,318,295,274,254,236,218,201,185,169,153,138,123,108,94,83,72,63,56,50,44,38,33,29,25,22,21,20,19,18,17,16,15,14,13,12,11,10,9,8,7,6,5,4,3,2,1,0
jetty-1,1833,443,400,369,344,320,297,276,258,242,227,213,199,185,172,159,146,134,123,112,101,92,83,75,69,64,59,54,50,47,44,42,41,40,39,38,37,36,35,34,33,32,31,30,29,28,27,26,25,24,23,22,21,20,19,18,17,16,15,14,13,12,11,10,9,8,7,6,5,4,3,2,1,0
jetty-2,1858,457,410,376,348,322,297,276,258,242,227,213,199,185,172,159,146,134,123,112,101,92,83,75,69,64,59,54,50,47,44,42,41,40,39,38,37,36,35,34,33,32,31,30,29,28,27,26,25,24,23,22,21,20,19,18,17,16,15,14,13,12,11,10,9,8,7,6,5,4,3,2,1,0
jetty-init,247,155,143,132,123,115,107,100,94,88,82,76,70,65,60,55,50,45,40,36,33,30,27,24,21,18,15,12,9,6,3,0
jruby-0,2878,967,867,787,753,721,689,658,634,610,586,562,538,514,490,468,448,428,409,390,371,353,335,318,302,287,273,260,248,236,228,221,217,213,209,205,201,197,193,189,186,183,180,177,174,171,168,165,162,159,156,153,150,148,146,144,142,140,138,136,134,132,130,128,126,124,122,120,118,116,114,112,110,108,106,104,102,100,98,96,94,92,90,88,86,84,82,80,78,76,74,72,70,68,66,64,62,60,58,56,54,52,50,48,46,44,42,40,38,36,34,32,30,28,26,24,22,20,18,16,14,12,10,8,6,4,2,0
jruby-1,2268,486,440,415,392,370,348,326,307,289,271,253,236,220,204,189,175,161,148,136,124,113,103,93,84,75,66,58,51,44,41,39,38,37,36,35,34,33,32,31,30,29,28,27,26,25,24,23,22,21,20,19,18,17,16,15,14,13,12,11,10,9,8,7,6,5,4,3,2,1,0
jruby-2,2302,516,469,443,419,396,373,350,330,311,292,273,255,238,221,205,190,175,161,148,135,123,112,101,91,81,71,62,54,46,42,39,38,37,36,35,34,33,32,31,30,29,28,27,26,25,24,23,22,21,20,19,18,17,16,15,14,13,12,11,10,9,8,7,6,5,4,3,2,1,0
jruby-init,253,139,120,103,94,85,76,67,61,55,51,47,44,41,38,35,32,29,26,24,22,20,18,16,14,12,10,8,6,4,2,0
julia-0,884,169,155,145,137,129,121,113,106,99,92,85,78,72,66,60,54,48,43,38,33,28,23,18,15,12,9,7,5,3,1,0
julia-1,884,170,155,145,137,129,121,113,106,99,92,85,78,72,66,60,54,48,43,38,33,28,23,18,15,12,9,7,5,3,1,0
julia-2,884,170,155,145,137,129,121,113,106,99,92,85,78,72,66,60,54,48,43,38,33,28,23,18,15,12,9,7,5,3,1,0
julia-init,156,94,88,82,76,70,65,60,55,50,46,42,38,34,30,26,23,20,18,16,14,12,10,8,7,6,5,4,3,2,1,0
mageia-0,327,213,201,189,178,167,156,145,134,123,113,103,94,86,78,70,63,56,50,45,40,36,32,28,24,20,16,12,9,6,3,0
mageia-1,208,127,118,110,103,96,89,82,75,68,62,56,50,45,40,35,31,27,24,21,18,16,14,12,10,8,6,4,3,2,1,0
mageia-2,316,213,201,189,178,167,156,145,134,123,113,103,94,86,78,70,63,56,50,45,40,36,32,28,24,20,16,12,9,6,3,0
mageia-init,463,368,354,341,328,316,304,293,282,271,260,249,238,228,218,209,201,193,186,179,172,166,160,155,150,145,140,135,130,125,120,116,114,112,110,108,106,104,102,100,98,96,94,92,90,88,86,84,82,80,78,76,74,72,70,68,66,64,62,60,58,56,54,52,50,48,46,44,42,40,38,36,34,32,30,28,26,24,22,20,18,16,14,12,11,10,9,8,7,6,5,4,3,2,1,0
mariadb-0,1046,379,338,310,284,260,240,220,202,184,167,150,135,121,109,98,88,79,70,61,54,48,42,36,30,25,22,19,16,13,10,8,6,4,3,2,1,0
mariadb-1,987,366,331,306,282,259,239,220,202,184,167,150,135,121,109,98,88,79,70,61,54,48,42,36,30,25,22,19,16,13,10,8,6,4,3,2,1,0
mariadb-2,942,339,308,287,268,249,233,217,202,187,173,159,147,135,124,113,103,93,83,74,66,59,52,45,38,32,28,24,20,16,12,9,6,4,3,2,1,0
mariadb-init,346,221,207,193,181,170,159,148,137,127,118,109,100,91,82,75,68,62,56,51,46,41,36,31,26,21,16,12,9,6,3,0
mongo-0,719,222,208,196,185,175,166,157,149,141,133,125,117,109,101,93,85,77,70,63,56,49,42,36,30,24,19,14,11,8,5,3,2,1,0
mongo-1,665,193,179,167,155,143,133,123,113,103,93,84,76,68,60,53,46,41,36,32,28,25,22,19,16,14,12,10,8,6,4,2,1,0
mongo-2,703,223,208,195,182,169,158,147,136,125,114,104,95,86,77,69,61,55,49,44,39,35,31,27,23,20,17,14,11,8,5,2,1,0
mongo-init,614,468,423,378,369,360,351,342,335,328,321,314,307,300,293,286,279,272,266,260,254,248,242,236,230,224,218,212,207,202,197,192,190,188,186,184,182,180,178,176,174,172,170,168,166,164,162,160,158,156,154,152,150,148,146,144,142,140,138,136,134,132,130,128,126,124,122,120,118,116,114,112,110,108,106,104,102,100,98,96,94,92,90,88,86,84,82,80,78,76,74,72,70,68,66,64,62,60,58,56,54,52,50,48,46,44,42,40,38,36,34,32,30,28,26,24,22,20,18,16,14,12,10,8,6,4,2,0
mono-0,749,258,239,222,205,189,174,159,146,133,121,110,99,89,79,70,61,54,47,40,34,28,23,19,16,14,12,10,9,8,7,6,5,4,3,2,1,0
mono-1,724,233,214,198,182,167,153,139,127,115,104,94,84,75,66,58,50,44,38,32,27,22,18,15,13,12,11,10,9,8,7,6,5,4,3,2,1,0
mono-2,724,233,214,198,182,167,153,139,127,115,104,94,84,75,66,58,50,44,38,32,27,22,18,15,13,12,11,10,9,8,7,6,5,4,3,2,1,0
mono-init,542,428,387,346,337,328,319,310,303,296,289,282,275,268,261,255,249,244,240,236,232,228,224,220,216,212,208,204,201,198,195,192,190,188,186,184,182,180,178,176,174,172,170,168,166,164,162,160,158,156,154,152,150,148,146,144,142,140,138,136,134,132,130,128,126,124,122,120,118,116,114,112,110,108,106,104,102,100,98,96,94,92,90,88,86,84,82,80,78,76,74,72,70,68,66,64,62,60,58,56,54,52,50,48,46,44,42,40,38,36,34,32,30,28,26,24,22,20,18,16,14,12,10,8,6,4,2,0
mysql-0,1000,349,315,294,274,255,238,222,206,191,176,161,146,133,120,109,98,89,81,74,67,60,53,47,42,39,36,33,31,29,28,27,26,25,24,23,22,21,20,19,18,17,16,15,14,13,12,11,10,9,8,7,6,5,4,3,2,1,0
mysql-1,950,380,347,321,300,280,262,245,228,212,196,180,164,150,137,125,113,103,94,86,78,70,62,55,49,45,41,37,34,31,29,27,26,25,24,23,22,21,20,19,18,17,16,15,14,13,12,11,10,9,8,7,6,5,4,3,2,1,0
mysql-2,928,346,315,294,274,255,238,222,206,191,176,161,146,133,120,109,98,89,81,74,67,60,53,47,42,39,36,33,31,29,28,27,26,25,24,23,22,21,20,19,18,17,16,15,14,13,12,11,10,9,8,7,6,5,4,3,2,1,0
mysql-init,284,177,157,137,130,123,116,109,102,95,88,81,74,67,60,54,48,43,39,35,31,27,23,19,16,13,10,7,4,2,1,0
nginx-0,551,298,276,256,237,218,200,182,166,151,137,126,115,104,93,83,73,63,53,45,38,33,29,25,22,19,16,13,10,7,4,2,1,0
nginx-1,427,223,206,191,176,161,147,133,121,110,100,92,84,76,68,61,54,47,40,33,27,23,20,17,15,13,11,9,7,5,3,2,1,0
nginx-2,427,223,206,191,176,161,147,133,121,110,100,92,84,76,68,61,54,47,40,33,27,23,20,17,15,13,11,9,7,5,3,2,1,0
nginx-init,142,82,78,74,70,66,62,58,54,50,47,44,41,38,35,32,29,26,24,22,20,18,16,14,12,10,8,6,4,2,1,0
node-0,546,241,227,214,202,190,178,166,156,146,136,126,116,107,98,89,80,72,64,57,50,44,38,32,27,22,18,14,10,6,2,0
node-1,512,208,194,182,171,160,150,140,132,125,118,111,104,97,90,83,76,69,62,55,48,42,36,30,25,20,16,12,8,5,2,0
node-2,512,208,194,182,171,160,150,140,132,125,118,111,104,97,90,83,76,69,62,55,48,42,36,30,25,20,16,12,8,5,2,0
node-init,245,161,152,143,135,129,123,117,111,105,99,93,87,81,75,69,63,57,52,47,42,38,34,30,26,22,18,14,10,6,3,0
opensuse-0,156,84,77,71,66,61,56,51,47,43,39,35,31,27,24,21,18,16,14,12,10,8,6,4,3,2,1,0
opensuse-1,151,76,69,63,57,51,46,41,38,35,32,29,26,23,20,17,14,12,10,8,6,4,2,0
opensuse-2,151,76,69,63,57,51,46,41,38,35,32,29,26,23,20,17,14,12,10,8,6,4,2,0
opensuse-init,348,271,260,249,238,228,218,208,200,192,184,176,169,162,155,148,142,136,130,124,118,112,106,100,96,92,88,84,81,78,75,72,71,70,69,68,67,66,65,64,63,62,61,60,59,58,57,56,55,54,53,52,51,50,49,48,47,46,45,44,43,42,41,40,39,38,37,36,35,34,33,32,31,30,29,28,27,26,25,24,23,22,21,20,19,18,17,16,15,14,13,12,11,10,9,8,7,6,5,4,3,2,1,0
oraclelinux-0,215,136,126,118,110,102,95,89,84,79,74,69,64,59,54,49,44,40,36,32,28,24,20,16,13,11,9,7,5,3,1,0
oraclelinux-1,213,136,126,118,110,102,95,89,84,79,74,69,64,59,54,49,44,40,36,32,28,24,20,16,13,11,9,7,5,3,1,0
oraclelinux-2,179,107,98,91,84,77,71,66,62,58,54,50,46,42,38,34,30,27,24,21,18,15,12,9,7,6,5,4,3,2,1,0
oraclelinux-init,341,217,179,142,131,121,112,103,96,89,82,76,70,64,58,52,47,42,37,33,29,26,23,20,17,14,11,8,6,4,2,0
percona-0,1062,380,342,318,296,275,256,239,223,208,193,178,164,150,136,123,111,101,91,81,72,63,54,48,43,41,39,37,35,33,31,30,29,28,27,26,25,24,23,22,21,20,19,18,17,16,15,14,13,12,11,10,9,8,7,6,5,4,3,2,1,0
percona-1,925,353,326,304,283,263,245,229,214,200,186,172,159,146,133,122,111,101,91,81,72,63,54,48,43,41,39,37,35,33,31,30,29,28,27,26,25,24,23,22,21,20,19,18,17,16,15,14,13,12,11,10,9,8,7,6,5,4,3,2,1,0
percona-2,925,353,326,304,283,263,245,229,214,200,186,172,159,146,133,122,111,101,91,81,72,63,54,48,43,41,39,37,35,33,31,30,29,28,27,26,25,24,23,22,21,20,19,18,17,16,15,14,13,12,11,10,9,8,7,6,5,4,3,2,1,0
percona-init,934,749,673,597,585,573,561,549,540,531,522,513,504,495,486,478,470,463,456,450,444,438,432,426,420,414,409,404,399,394,389,384,380,376,372,368,364,360,356,352,348,344,340,336,332,328,324,320,316,312,308,304,300,296,292,288,284,280,276,272,268,264,260,256,252,248,244,240,236,232,228,224,220,216,212,208,204,200,196,192,188,184,180,176,172,168,164,160,156,152,148,144,140,136,132,128,124,120,116,112,108,104,100,96,92,88,84,80,76,72,68,64,60,56,52,48,44,40,36,32,28,24,20,16,12,8,4,0
perl-0,282,168,157,148,140,132,124,116,109,102,95,88,81,74,68,62,56,50,45,40,35,31,27,23,20,17,14,11,8,5,2,0
perl-1,281,168,157,148,141,134,127,120,114,108,102,96,90,84,78,72,66,60,54,48,42,37,32,27,23,19,15,11,8,5,2,0
perl-2,295,180,168,159,151,143,135,127,120,113,106,99,92,85,79,73,67,61,55,49,43,38,33,28,24,20,16,12,8,5,2,0
perl-init,282,189,178,168,159,151,143,135,127,119,111,103,95,87,80,73,66,59,53,47,42,37,33,29,25,21,17,13,9,5,2,0
php-0,705,319,297,278,260,243,226,210,196,182,169,156,143,131,119,108,98,88,79,70,61,53,46,39,33,28,23,18,13,8,3,0
php-1,686,295,275,256,238,221,204,187,173,160,148,136,124,113,102,92,83,74,66,58,50,43,37,31,27,23,19,15,11,7,3,0
php-2,686,297,277,258,240,223,206,189,175,161,148,136,124,113,102,92,83,74,66,58,50,43,37,31,27,23,19,15,11,7,3,0
php-init,194,134,129,124,119,114,109,104,99,94,89,84,79,74,69,64,59,54,50,46,42,38,34,30,26,22,18,14,10,6,3,0
php-zendserver-0,3577,1291,1197,1129,1072,1019,967,917,868,822,779,741,705,671,639,607,578,550,522,496,471,447,423,400,377,355,333,311,294,278,263,251,244,237,230,223,216,209,202,195,189,184,179,174,169,164,160,156,152,148,144,140,136,132,128,124,121,118,115,112,109,106,103,100,97,94,91,88,85,82,79,76,73,70,67,64,61,58,55,52,49,46,43,40,37,34,31,28,26,24,22,20,18,16,14,12,10,8,6,4,3,2,1,0
php-zendserver-1,3706,1311,1215,1143,1077,1015,953,893,838,786,740,695,653,615,579,543,508,474,440,409,379,352,327,303,281,260,239,220,204,191,181,172,167,162,157,152,147,142,137,132,127,122,117,112,107,102,98,95,92,89,86,83,80,77,75,73,71,69,68,67,66,65,64,63,62,61,60,59,58,57,56,55,54,53,52,51,50,49,48,47,46,45,44,43,42,41,40,39,38,37,36,35,34,33,32,31,30,29,28,27,26,25,24,23,22,21,20,19,18,17,16,15,14,13,12,11,10,9,8,7,6,5,4,3,2,1,0
php-zendserver-2,3253,1013,943,889,841,796,751,707,665,625,590,556,523,493,465,439,414,390,366,343,320,299,279,259,241,223,205,188,173,159,149,140,135,130,125,120,116,112,108,104,100,96,93,90,87,84,82,80,78,77,76,75,74,73,72,71,70,69,68,67,66,65,64,63,62,61,60,59,58,57,56,55,54,53,52,51,50,49,48,47,46,45,44,43,42,41,40,39,38,37,36,35,34,33,32,31,30,29,28,27,26,25,24,23,22,21,20,19,18,17,16,15,14,13,12,11,10,9,8,7,6,5,4,3,2,1,0
php-zendserver-init,618,488,442,396,386,376,366,356,347,338,329,320,311,302,293,284,275,266,257,248,240,232,224,216,208,200,192,184,179,174,169,164,161,158,155,152,149,146,143,140,137,134,131,128,125,122,119,116,114,112,110,108,106,104,102,100,98,96,94,92,90,88,86,84,82,80,78,76,74,72,70,68,66,64,62,60,58,56,54,52,50,48,46,44,43,42,41,40,39,38,37,36,35,34,33,32,31,30,29,28,27,26,25,24,23,22,21,20,19,18,17,16,15,14,13,12,11,10,9,8,7,6,5,4,3,2,1,0
postgres-0,2170,747,703,673,644,615,588,562,537,514,491,468,445,425,406,388,370,357,345,333,321,309,298,288,278,269,260,251,242,235,231,227,225,223,221,219,217,215,213,211,209,207,205,203,201,199,197,195,193,191,189,187,185,183,181,179,177,175,173,171,169,167,165,163,161,159,157,155,153,151,149,147,145,143,141,139,137,135,133,131,129,127,125,123,121,119,117,115,113,111,109,107,105,103,101,99,97,95,93,91,89,87,85,83,81,79,77,75,73,71,69,67,65,63,61,59,57,55,53,52,51,50,49,48,47,46,45,44,43,42,41,40,39,38,37,36,35,34,33,32,31,30,29,28,27,26,25,24,23,22,21,20,19,18,17,16,15,14,13,12,11,10,9,8,7,6,5,4,3,2,1,0
postgres-1,2131,718,671,641,612,583,556,530,505,482,459,436,413,393,374,356,338,325,313,301,289,277,266,256,246,237,228,220,212,206,203,200,198,196,194,192,190,188,186,184,182,180,178,176,174,172,170,168,166,164,162,160,158,156,154,152,150,148,146,144,142,140,138,136,134,132,130,128,126,124,122,120,118,116,114,112,110,108,106,104,102,100,98,96,94,92,90,88,86,84,82,80,79,78,77,76,75,74,73,72,71,70,69,68,67,66,65,64,63,62,61,60,59,58,57,56,55,54,53,52,51,50,49,48,47,46,45,44,43,42,41,40,39,38,37,36,35,34,33,32,31,30,29,28,27,26,25,24,23,22,21,20,19,18,17,16,15,14,13,12,11,10,9,8,7,6,5,4,3,2,1,0
postgres-2,2150,725,677,646,617,589,563,538,514,492,470,448,426,407,389,372,355,343,332,321,310,299,289,280,271,263,255,247,239,233,230,227,225,223,221,219,217,215,213,211,209,207,205,203,201,199,197,195,193,191,189,187,185,183,181,179,177,175,173,171,169,167,165,163,161,159,157,155,153,151,149,147,145,143,141,139,137,135,133,131,129,127,125,123,121,119,117,115,113,111,109,107,105,103,101,99,97,95,93,91,89,87,85,83,81,79,77,75,73,71,69,67,65,63,61,59,57,55,53,52,51,50,49,48,47,46,45,44,43,42,41,40,39,38,37,36,35,34,33,32,31,30,29,28,27,26,25,24,23,22,21,20,19,18,17,16,15,14,13,12,11,10,9,8,7,6,5,4,3,2,1,0
postgres-init,219,127,115,104,96,88,81,74,67,60,53,47,41,36,31,27,24,22,20,18,16,14,12,10,8,6,5,4,3,2,1,0
pypy-0,1145,457,428,402,378,355,333,313,297,281,265,249,234,219,204,189,174,160,146,132,118,105,92,79,69,60,53,46,40,35,30,26,25,24,23,22,21,20,19,18,17,16,15,14,13,12,11,10,9,8,7,6,5,4,3,2,1,0
pypy-1,1090,404,376,352,330,309,289,271,257,243,229,215,202,189,176,163,150,138,126,114,102,91,80,69,61,54,48,42,37,33,29,26,25,24,23,22,21,20,19,18,17,16,15,14,13,12,11,10,9,8,7,6,5,4,3,2,1,0
pypy-2,1103,412,383,358,335,313,292,273,258,243,229,215,202,189,176,163,150,138,126,114,102,91,80,69,61,54,48,42,37,33,29,26,25,24,23,22,21,20,19,18,17,16,15,14,13,12,11,10,9,8,7,6,5,4,3,2,1,0
pypy-init,580,459,430,401,392,383,374,365,357,349,341,333,325,317,309,301,293,285,277,269,262,255,248,241,234,228,222,216,210,204,198,192,190,188,186,184,182,180,178,176,174,172,170,168,166,164,162,160,158,156,154,152,150,148,146,144,142,140,138,136,134,132,130,128,126,124,122,120,118,116,114,112,110,108,106,104,102,100,98,96,94,92,90,88,86,84,82,80,78,76,74,72,70,68,66,64,62,60,58,56,54,52,50,48,46,44,42,40,38,36,34,32,30,28,26,24,22,20,18,16,14,12,10,8,6,4,2,0
python-0,577,312,289,271,256,242,228,214,203,192,182,172,162,152,142,132,122,112,102,92,82,73,64,55,49,43,37,32,28,24,20,17,16,15,14,13,12,11,10,9,8,7,6,5,4,3,2,1,0
python-1,602,334,309,290,274,259,244,230,219,208,197,186,175,164,153,142,131,120,109,98,87,77,67,57,50,44,38,33,29,25,21,18,17,16,15,14,13,12,11,10,9,8,7,6,5,4,3,2,1,0
python-2,602,334,309,290,274,259,244,230,219,208,197,186,175,164,153,142,131,120,109,98,87,77,67,57,50,44,38,33,29,25,21,18,17,16,15,14,13,12,11,10,9,8,7,6,5,4,3,2,1,0
python-init,233,146,134,122,113,105,98,91,85,79,74,69,64,59,54,49,45,42,39,36,33,30,27,24,21,18,15,12,9,6,3,0
r-base-0,1007,516,480,452,425,398,372,346,324,303,283,264,246,228,211,194,177,161,145,129,114,101,91,81,72,64,56,49,43,37,31,28,27,26,25,24,23,22,21,20,19,18,17,16,15,14,13,12,11,10,9,8,7,6,5,4,3,2,1,0
r-base-1,1047,550,512,482,454,426,398,370,345,320,295,271,248,226,206,189,173,158,145,132,120,110,100,90,81,72,63,55,48,41,34,30,29,28,27,26,25,24,23,22,21,20,19,18,17,16,15,14,13,12,11,10,9,8,7,6,5,4,3,2,1,0
r-base-2,1013,520,483,454,427,400,373,346,322,298,274,251,229,208,189,173,158,144,132,120,109,100,91,82,74,66,58,51,45,39,33,30,29,28,27,26,25,24,23,22,21,20,19,18,17,16,15,14,13,12,11,10,9,8,7,6,5,4,3,2,1,0
r-base-init,486,400,374,348,341,334,327,320,314,308,302,296,290,284,278,272,266,260,254,248,243,238,233,228,223,218,213,208,204,200,196,192,190,188,186,184,182,180,178,176,174,172,170,168,166,164,162,160,158,156,154,152,150,148,146,144,142,140,138,136,134,132,130,128,126,124,122,120,118,116,114,112,110,108,106,104,102,100,98,96,94,92,90,88,86,84,82,80,78,76,74,72,70,68,66,64,62,60,58,56,54,52,50,48,46,44,42,40,38,36,34,32,30,28,26,24,22,20,18,16,14,12,10,8,6,4,2,0
rabbitmq-0,1488,600,538,497,471,446,424,403,383,364,345,327,310,294,278,263,248,234,222,211,200,190,180,170,160,151,144,138,132,127,123,119,117,115,113,111,109,107,105,103,101,99,97,95,93,91,89,87,85,83,81,79,77,75,73,71,69,67,65,63,61,59,57,55,53,51,49,47,45,43,41,39,37,35,33,31,29,27,25,23,21,19,17,15,13,11,9,7,6,5,4,3,2,1,0
rabbitmq-1,1312,472,424,392,367,344,325,307,290,274,258,242,227,213,199,186,173,161,151,142,133,124,115,106,97,89,83,78,73,69,66,63,62,61,60,59,58,57,56,55,54,53,52,51,50,49,48,47,46,45,44,43,42,41,40,39,38,37,36,35,34,33,32,31,30,29,28,27,26,25,24,23,22,21,20,19,18,17,16,15,14,13,12,11,10,9,8,7,6,5,4,3,2,1,0
rabbitmq-2,1307,451,397,364,340,318,300,283,267,252,237,222,208,195,182,170,158,147,138,130,122,114,106,98,90,83,78,74,70,67,65,63,62,61,60,59,58,57,56,55,54,53,52,51,50,49,48,47,46,45,44,43,42,41,40,39,38,37,36,35,34,33,32,31,30,29,28,27,26,25,24,23,22,21,20,19,18,17,16,15,14,13,12,11,10,9,8,7,6,5,4,3,2,1,0
rabbitmq-init,171,98,90,82,74,67,60,54,49,44,39,34,29,24,19,16,13,11,9,7,5,3,2,1,0
rails-0,8038,3761,3359,3123,2941,2790,2647,2522,2406,2302,2201,2105,2011,1920,1835,1753,1673,1598,1528,1464,1407,1353,1300,1253,1210,1170,1133,1099,1065,1034,1007,983,965,947,931,915,900,885,870,857,845,833,821,809,797,786,775,764,753,742,731,721,711,701,691,681,671,662,653,645,637,629,621,613,605,598,591,584,577,570,563,556,549,542,535,528,521,514,507,501,495,489,483,477,471,465,459,453,447,442,437,432,427,422,417,412,407,402,397,392,387,382,377,372,367,362,357,352,347,342,337,332,328,324,320,316,312,308,304,300,296,292,288,284,280,276,273,270,267,264,261,258,255,252,249,246,243,240,237,234,231,228,225,222,219,216,213,210,207,204,201,198,195,192,189,187,185,183,181,179,177,176,175,174,173,172,171,170,169,168,167,166,165,164,163,162,161,160,159,158,157,156,155,154,153,152,151,150,149,148,147,146,145,144,143,142,141,140,139,138,137,136,135,134,133,132,131,130,129,128,127,126,125,124,123,122,121,120,119,118,117,116,115,114,113,112,111,110,109,108,107,106,105,104,103,102,101,100,99,98,97,96,95,94,93,92,91,90,89,88,87,86,85,84,83,82,81,80,79,78,77,76,75,74,73,72,71,70,69,68,67,66,65,64,63,62,61,60,59,58,57,56,55,54,53,52,51,50,49,48,47,46,45,44,43,42,41,40,39,38,37,36,35,34,33,32,31,30,29,28,27,26,25,24,23,22,21,20,19,18,17,16,15,14,13,12,11,10,9,8,7,6,5,4,3,2,1,0
rails-1,7814,3596,3196,2958,2778,2631,2501,2384,2275,2175,2082,1992,1902,1816,1733,1654,1578,1507,1439,1376,1318,1263,1210,1160,1113,1070,1031,996,964,935,907,883,862,842,823,804,785,767,749,733,719,705,691,678,666,654,642,630,619,608,597,587,577,568,559,550,541,532,523,514,505,496,487,478,469,461,453,445,437,429,421,413,405,397,389,381,373,365,358,351,344,337,330,323,316,309,302,295,288,281,274,267,260,253,246,239,232,225,218,211,204,197,190,183,176,169,162,155,149,143,137,132,127,122,118,114,110,106,102,98,94,90,86,82,78,75,72,69,67,65,63,61,59,57,56,55,54,53,52,51,50,49,48,47,46,45,44,43,42,41,40,39,38,37,36,35,34,33,32,31,30,29,28,27,26,25,24,23,22,21,20,19,18,17,16,15,14,13,12,11,10,9,8,7,6,5,4,3,2,1,0
rails-2,7787,3562,3162,2923,2741,2592,2460,2341,2230,2128,2033,1941,1849,1761,1676,1595,1517,1444,1373,1308,1248,1192,1138,1088,1041,998,959,924,892,863,835,812,793,774,756,738,720,703,686,670,656,642,628,615,602,589,576,563,550,537,524,512,500,489,478,467,456,445,434,423,413,403,393,383,373,364,355,346,337,328,319,310,303,296,289,282,275,268,262,256,250,244,238,232,226,220,214,208,202,196,190,184,178,172,166,160,154,148,142,136,130,124,118,112,106,100,94,89,84,79,74,70,66,63,60,57,54,51,48,45,42,40,38,36,34,33,32,31,30,29,28,27,26,25,24,23,22,21,20,19,18,17,16,15,14,13,12,11,10,9,8,7,6,5,4,3,2,1,0
rails-init,623,479,436,393,383,373,363,353,345,337,329,321,313,305,298,291,284,277,270,264,258,252,246,240,234,228,222,216,210,204,198,192,190,188,186,184,182,180,178,176,174,172,170,168,166,164,162,160,158,156,154,152,150,148,146,144,142,140,138,136,134,132,130,128,126,124,122,120,118,116,114,112,110,108,106,104,102,100,98,96,94,92,90,88,86,84,82,80,78,76,74,72,70,68,66,64,62,60,58,56,54,52,50,48,46,44,42,40,38,36,34,32,30,28,26,24,22,20,18,16,14,12,10,8,6,4,2,0
rakudo-star-0,663,209,194,182,171,160,149,138,129,120,111,103,96,89,82,75,68,61,54,47,41,36,31,26,22,18,14,11,8,5,2,0
rakudo-star-1,691,231,215,201,188,175,162,149,139,129,120,111,102,93,84,76,68,61,54,47,40,35,30,25,21,17,14,11,8,5,2,0
rakudo-star-2,657,201,186,173,161,149,137,125,116,107,99,91,83,75,67,60,53,47,41,35,29,25,21,17,14,11,9,7,5,3,1,0
rakudo-star-init,225,149,140,131,125,119,113,107,101,95,89,83,78,73,68,63,58,53,48,44,40,36,32,28,24,20,16,12,9,6,3,0
redis-0,332,157,146,136,126,116,108,100,92,84,76,68,61,54,47,41,35,31,27,23,19,15,12,9,6,4,3,2,1,0
redis-1,420,207,193,180,167,154,143,132,121,110,99,89,80,71,62,55,48,43,38,33,28,23,19,15,11,8,6,4,3,2,1,0
redis-2,372,187,175,164,153,142,133,124,115,106,97,88,80,72,64,57,50,45,40,35,30,25,21,17,13,10,8,6,4,2,1,0
redis-init,671,517,460,403,391,380,369,358,349,340,331,322,313,304,295,287,279,272,265,259,253,247,241,235,229,223,217,211,205,200,196,192,190,188,186,184,182,180,178,176,174,172,170,168,166,164,162,160,158,156,154,152,150,148,146,144,142,140,138,136,134,132,130,128,126,124,122,120,118,116,114,112,110,108,106,104,102,100,98,96,94,92,90,88,86,84,82,80,78,76,74,72,70,68,66,64,62,60,58,56,54,52,50,48,46,44,42,40,38,36,34,32,30,28,26,24,22,20,18,16,14,12,10,8,6,4,2,0
registry-0,2195,888,816,759,710,664,622,584,549,519,489,461,434,409,384,360,336,312,289,267,245,226,209,194,181,169,159,149,143,137,131,129,128,127,126,125,124,123,122,121,120,119,118,117,116,115,114,113,112,111,110,109,108,107,106,105,104,103,102,101,100,99,98,97,96,95,94,93,92,91,90,89,88,87,86,85,84,83,82,81,80,79,78,77,76,75,74,73,72,71,70,69,68,67,66,65,64,63,62,61,60,59,58,57,56,55,54,53,52,51,50,49,48,47,46,45,44,43,42,41,40,39,38,37,36,35,34,33,32,31,30,29,28,27,26,25,24,23,22,21,20,19,18,17,16,15,14,13,12,11,10,9,8,7,6,5,4,3,2,1,0
registry-1,2251,887,821,771,724,680,640,605,573,542,511,481,454,429,405,381,357,334,312,291,272,254,237,221,207,194,183,172,164,156,149,146,145,144,143,142,141,140,139,138,137,136,135,134,133,132,131,130,129,128,127,126,125,124,123,122,121,120,119,118,117,116,115,114,113,112,111,110,109,108,107,106,105,104,103,102,101,100,99,98,97,96,95,94,93,92,91,90,89,88,87,86,85,84,83,82,81,80,79,78,77,76,75,74,73,72,71,70,69,68,67,66,65,64,63,62,61,60,59,58,57,56,55,54,53,52,51,50,49,48,47,46,45,44,43,42,41,40,39,38,37,36,35,34,33,32,31,30,29,28,27,26,25,24,23,22,21,20,19,18,17,16,15,14,13,12,11,10,9,8,7,6,5,4,3,2,1,0
registry-2,2274,903,818,760,708,662,620,584,551,521,491,462,436,412,389,366,343,321,300,280,261,244,228,213,199,186,175,164,156,148,141,138,137,136,135,134,133,132,131,130,129,128,127,126,125,124,123,122,121,120,119,118,117,116,115,114,113,112,111,110,109,108,107,106,105,104,103,102,101,100,99,98,97,96,95,94,93,92,91,90,89,88,87,86,85,84,83,82,81,80,79,78,77,76,75,74,73,72,71,70,69,68,67,66,65,64,63,62,61,60,59,58,57,56,55,54,53,52,51,50,49,48,47,46,45,44,43,42,41,40,39,38,37,36,35,34,33,32,31,30,29,28,27,26,25,24,23,22,21,20,19,18,17,16,15,14,13,12,11,10,9,8,7,6,5,4,3,2,1,0
registry-init,308,211,198,187,179,171,163,155,147,139,131,123,115,107,99,91,83,75,67,60,53,46,39,33,27,21,15,9,6,4,2,0
rethinkdb-0,746,223,208,194,180,166,153,140,130,120,110,102,94,86,78,70,62,54,46,38,32,27,23,19,16,14,12,10,8,6,5,4,3,2,1,0
rethinkdb-1,754,225,210,196,182,168,155,142,132,122,112,104,96,88,80,72,64,56,48,40,34,29,24,19,16,14,12,10,8,6,5,4,3,2,1,0
rethinkdb-2,772,241,225,210,195,180,166,152,141,130,119,110,101,92,83,74,65,56,47,38,32,27,23,19,16,14,12,10,8,6,5,4,3,2,1,0
rethinkdb-init,514,400,359,318,311,304,297,290,285,280,275,270,265,260,255,250,245,240,235,231,227,223,219,216,213,210,207,204,201,198,195,192,190,188,186,184,182,180,178,176,174,172,170,168,166,164,162,160,158,156,154,152,150,148,146,144,142,140,138,136,134,132,130,128,126,124,122,120,118,116,114,112,110,108,106,104,102,100,98,96,94,92,90,88,86,84,82,80,78,76,74,72,70,68,66,64,62,60,58,56,54,52,50,48,46,44,42,40,38,36,34,32,30,28,26,24,22,20,18,16,14,12,10,8,6,4,2,0
ruby-0,476,256,239,225,213,201,190,179,169,159,149,139,129,120,111,102,94,86,78,71,64,57,50,43,37,31,26,21,16,11,7,4,3,2,1,0
ruby-1,486,262,245,231,218,205,193,182,172,162,153,144,135,126,117,108,99,90,81,72,63,55,47,40,34,29,24,19,14,10,6,3,2,1,0
ruby-2,485,262,245,231,218,205,193,182,172,162,153,144,135,126,117,108,99,90,81,72,63,55,47,40,34,29,24,19,14,10,6,3,2,1,0
ruby-init,228,153,145,137,131,125,119,113,107,101,95,89,83,77,71,65,60,55,51,47,43,39,35,31,27,23,19,15,11,7,3,0
sonarqube-0,8626,1601,1366,1248,1149,1061,979,901,835,778,725,674,628,583,541,503,469,437,406,379,355,331,312,293,276,260,245,231,218,208,200,193,187,181,175,169,163,158,153,148,143,138,133,128,123,120,117,114,111,108,105,102,99,96,94,92,90,88,86,84,82,80,78,76,74,72,70,68,66,64,62,60,58,56,54,52,50,48,46,44,42,40,38,36,34,32,30,28,26,24,23,22,21,20,19,18,17,16,15,14,13,12,11,10,9,8,7,6,5,4,3,2,1,0
sonarqube-1,8502,1544,1325,1218,1126,1046,977,913,858,809,762,718,676,635,598,562,529,498,468,441,417,394,375,358,343,329,316,304,292,281,271,263,256,249,242,235,228,222,216,210,204,198,192,186,180,174,169,164,159,154,149,144,139,135,131,127,123,119,115,111,107,103,99,96,93,90,87,84,81,78,75,72,69,67,65,63,61,59,57,55,53,51,49,47,45,43,41,39,37,35,33,31,29,27,25,23,21,19,17,15,13,12,11,10,9,8,7,6,5,4,3,2,1,0
sonarqube-2,8477,1571,1358,1254,1168,1094,1027,965,912,864,819,777,737,697,661,626,592,559,527,498,472,446,425,405,386,368,351,334,318,303,289,276,266,256,246,237,229,222,215,208,201,194,187,180,173,166,160,154,148,142,137,132,127,123,119,115,111,107,103,99,95,91,87,84,81,78,75,72,69,66,64,62,60,58,56,54,52,50,48,46,44,42,40,38,36,34,32,30,28,26,24,22,21,20,19,18,17,16,15,14,13,12,11,10,9,8,7,6,5,4,3,2,1,0
sonarqube-init,501,401,368,335,328,321,314,307,301,295,289,283,277,271,265,260,255,250,245,240,236,232,228,224,220,216,212,208,204,200,196,192,190,188,186,184,182,180,178,176,174,172,170,168,166,164,162,160,158,156,154,152,150,148,146,144,142,140,138,136,134,132,130,128,126,124,122,120,118,116,114,112,110,108,106,104,102,100,98,96,94,92,90,88,86,84,82,80,78,76,74,72,70,68,66,64,62,60,58,56,54,52,50,48,46,44,42,40,38,36,34,32,30,28,26,24,22,20,18,16,14,12,10,8,6,4,2,0
thrift-0,268,119,109,101,93,86,80,74,68,62,56,50,44,38,32,27,22,18,14,10,7,4,2,1,0
thrift-1,268,119,109,101,93,86,80,74,68,62,56,50,44,38,32,27,22,18,14,10,7,4,2,1,0
thrift-2,233,91,83,77,71,66,62,58,54,50,46,42,38,34,30,26,22,18,14,10,7,4,2,1,0
thrift-init,498,400,380,360,350,340,330,320,310,300,291,282,273,264,255,247,239,232,225,219,213,208,204,200,196,192,188,184,180,176,172,168,166,164,162,160,158,156,154,152,150,148,146,144,142,140,138,136,134,132,130,128,126,124,122,120,118,116,114,112,110,108,106,104,102,100,98,96,94,92,90,88,86,84,82,80,78,76,74,72,70,68,66,64,62,60,58,56,54,52,50,48,46,44,42,40,38,36,34,32,30,28,26,24,23,22,21,20,19,18,17,16,15,14,13,12,11,10,9,8,7,6,5,4,3,2,1,0
tomcat-0,2281,520,466,434,408,384,361,340,320,302,285,268,251,234,218,203,188,174,160,146,132,120,108,97,87,79,71,64,59,55,51,48,46,44,42,40,38,36,34,32,30,28,26,24,22,20,18,16,14,12,10,8,6,4,3,2,1,0
tomcat-1,2184,439,392,361,334,308,288,269,253,240,228,216,204,192,181,170,159,149,139,129,119,111,103,97,91,86,81,76,72,69,66,64,63,62,61,60,59,58,57,56,55,54,53,52,51,50,49,48,47,46,45,44,43,42,41,40,39,38,37,36,35,34,33,32,31,30,29,28,27,26,25,24,23,22,21,20,19,18,17,16,15,14,13,12,11,10,9,8,7,6,5,4,3,2,1,0
tomcat-2,2294,526,473,437,405,374,349,326,307,291,276,261,246,231,217,203,189,176,163,150,137,126,115,106,98,92,86,80,75,71,67,64,63,62,61,60,59,58,57,56,55,54,53,52,51,50,49,48,47,46,45,44,43,42,41,40,39,38,37,36,35,34,33,32,31,30,29,28,27,26,25,24,23,22,21,20,19,18,17,16,15,14,13,12,11,10,9,8,7,6,5,4,3,2,1,0
tomcat-init,513,401,362,323,317,311,305,299,294,289,284,279,274,269,264,259,254,249,244,240,236,232,228,224,220,216,212,208,204,200,196,192,190,188,186,184,182,180,178,176,174,172,170,168,166,164,162,160,158,156,154,152,150,148,146,144,142,140,138,136,134,132,130,128,126,124,122,120,118,116,114,112,110,108,106,104,102,100,98,96,94,92,90,88,86,84,82,80,78,76,74,72,70,68,66,64,62,60,58,56,54,52,50,48,46,44,42,40,38,36,34,32,30,28,26,24,22,20,18,16,14,12,10,8,6,4,2,0
ubuntu-0,334,216,204,193,183,173,163,153,143,133,124,115,106,98,90,82,74,66,59,53,47,42,37,32,27,22,17,12,9,6,3,0
ubuntu-1,210,129,121,114,108,102,96,90,84,78,72,66,60,55,50,45,40,35,31,28,25,22,19,16,13,10,7,4,3,2,1,0
ubuntu-2,210,129,121,114,108,102,96,90,84,78,72,66,60,55,50,45,40,35,31,28,25,22,19,16,13,10,7,4,3,2,1,0
ubuntu-debootstrap-0,155,77,71,65,59,54,49,46,43,40,37,34,31,28,25,22,19,16,14,12,10,8,6,4,2,1,0
ubuntu-debootstrap-1,155,77,71,65,59,54,49,46,43,40,37,34,31,28,25,22,19,16,14,12,10,8,6,4,2,1,0
ubuntu-debootstrap-2,155,77,71,65,59,54,49,46,43,40,37,34,31,28,25,22,19,16,14,12,10,8,6,4,2,1,0
ubuntu-debootstrap-init,530,412,369,326,317,308,299,291,286,281,276,271,266,261,256,251,246,241,237,233,229,225,221,217,213,210,207,204,201,198,195,192,190,188,186,184,182,180,178,176,174,172,170,168,166,164,162,160,158,156,154,152,150,148,146,144,142,140,138,136,134,132,130,128,126,124,122,120,118,116,114,112,110,108,106,104,102,100,98,96,94,92,90,88,86,84,82,80,78,76,74,72,70,68,66,64,62,60,58,56,54,52,50,48,46,44,42,40,38,36,34,32,30,28,26,24,22,20,18,16,14,12,10,8,6,4,2,0
ubuntu-init,193,130,123,116,110,104,98,92,86,81,76,71,66,61,56,51,46,41,36,31,27,23,19,16,13,10,7,4,3,2,1,0
ubuntu-upstart-0,210,130,122,115,109,103,97,91,85,79,73,67,61,56,51,46,41,36,32,29,26,23,20,17,14,11,8,5,3,2,1,0
ubuntu-upstart-1,248,159,150,142,135,128,121,114,107,100,93,86,79,73,67,61,55,49,44,40,36,32,28,24,20,16,12,8,6,4,2,0
ubuntu-upstart-2,210,129,121,114,108,102,96,90,84,78,72,66,60,55,50,45,40,35,31,28,25,22,19,16,13,10,7,4,3,2,1,0
ubuntu-upstart-init,331,230,214,199,189,179,169,159,150,141,132,123,115,107,99,91,83,76,69,62,55,49,43,37,31,25,19,13,9,6,3,0
2016021709-LUN4,2551815,147203,86474,54397,35181,22782,14609,9313,6603,4715,3384,2399,1671,1134,793,566,470,396,329,271,221,177,141,111,88,72,58,46,36,29,23,19,15,14,13,12,11,10,9,8,7,6,5,4,3,2,1,0
2016021708-LUN3,2096251,222548,162750,127257,102648,84635,71157,60888,53362,47403,42615,38745,35553,32906,30666,28810,27229,25844,24643,23569,22581,21677,20859,20109,19410,18755,18140,17559,17001,16476,15979,15501,15043,14607,14191,13785,13393,13014,12645,12293,11955,11627,11310,11006,10718,10441,10173,9916,9671,9432,9199,8971,8749,8533,8321,8115,7913,7716,7526,7343,7164,6986,6815,6648,6483,6320,6166,6015,5870,5727,5591,5458,5327,5199,5074,4952,4832,4717,4606,4499,4397,4297,4200,4107,4016,3928,3843,3759,3675,3593,3512,3434,3358,3282,3207,3133,3061,2994,2930,2866,2804,2744,2687,2631,2576,2522,2469,2419,2369,2321,2273,2226,2180,2134,2088,2042,1998,1954,1911,1868,1825,1784,1743,1702,1662,1623,1584,1546,1508,1472,1438,1404,1371,1339,1307,1276,1246,1217,1188,1161,1135,1110,1086,1062,1039,1016,995,975,955,935,916,897,878,860,842,824,806,788,770,753,736,719,702,685,669,653,637,621,607,593,579,565,551,537,523,509,495,482,471,460,449,438,427,416,405,394,383,372,361,351,343,336,329,322,315,308,301,294,287,281,275,269,263,257,251,245,239,233,227,221,215,209,203,197,191,185,179,173,168,163,159,155,151,148,145,143,141,139,137,135,133,131,129,128,127,126,125,124,123,122,121,120,119,118,117,116,115,114,113,112,111,110,109,108,107,106,105,104,103,102,101,100,99,98,97,96,95,94,93,92,91,90,89,88,87,86,85,84,83,82,81,80,79,78,77,76,75,74,73,72,71,70,69,68,67,66,65,64,63,62,61,60,59,58,57,56,55,54,53,52,51,50,49,48,47,46,45,44,43,42,41,40,39,38,37,36,35,34,33,32,31,30,29,28,27,26,25,24,23,22,21,20,19,18,17,16,15,14,13,12,11,10,9,8,7,6,5,4,3,2,1,0
2016021708-LUN4,1566986,187439,136219,104933,83027,66752,54322,44819,37778,32181,27676,23969,20942,18406,16294,14504,12999,11690,10550,9549,8655,7878,7186,6566,6009,5508,5055,4647,4271,3930,3619,3350,3112,2898,2697,2506,2338,2186,2047,1915,1794,1688,1588,1494,1403,1318,1240,1170,1113,1060,1009,962,917,875,835,801,769,740,712,686,661,637,613,591,569,548,528,508,488,468,448,428,409,391,373,356,339,322,305,288,272,258,244,232,221,211,201,192,183,174,165,157,149,141,133,126,120,114,108,102,97,93,89,85,81,77,73,69,65,61,57,53,49,45,41,37,33,29,25,22,19,16,13,11,9,7,5,3,1,0
2016021708-LUN6,1772415,191946,141251,113308,94518,80780,70314,62278,56341,51571,47679,44406,41613,39179,37066,35191,33507,31963,30553,29255,28049,26925,25881,24916,24011,23156,22358,21603,20888,20207,19557,18932,18343,17785,17244,16717,16212,15723,15255,14804,14372,13955,13554,13166,12802,12450,12115,11790,11470,11162,10863,10574,10292,10024,9767,9522,9285,9058,8836,8616,8403,8201,8005,7814,7634,7458,7286,7118,6952,6790,6631,6477,6325,6179,6036,5894,5756,5622,5489,5361,5237,5114,4995,4876,4758,4644,4536,4432,4331,4233,4137,4044,3955,3869,3784,3700,3618,3537,3458,3381,3308,3238,3173,3109,3045,2981,2918,2856,2794,2733,2673,2613,2555,2500,2447,2396,2345,2294,2247,2200,2153,2108,2066,2024,1984,1945,1906,1868,1830,1793,1756,1720,1684,1649,1614,1580,1546,1512,1478,1445,1412,1379,1350,1321,1292,1264,1237,1210,1184,1158,1132,1107,1082,1057,1032,1009,986,964,942,920,898,876,855,836,817,799,782,765,750,735,720,706,692,678,664,650,637,624,612,600,588,576,564,552,541,530,520,510,501,492,483,475,467,459,451,443,435,427,420,413,406,400,394,388,382,376,370,364,358,352,346,340,334,329,324,319,314,309,304,299,294,289,284,279,274,269,264,259,254,249,245,242,239,236,234,232,230,228,226,224,222,220,218,216,214,212,210,208,206,204,202,200,198,196,194,192,190,189,188,187,186,185,184,183,182,181,180,179,178,177,176,175,174,173,172,171,170,169,168,167,166,165,164,163,162,161,160,159,158,157,156,155,154,153,152,151,150,149,148,147,146,145,144,143,142,141,140,139,138,137,136,135,134,133,132,131,130,129,128,127,126,125,124,123,122,121,120,119,118,117,116,115,114,113,112,111,110,109,108,107,106,105,104,103,102,101,100,99,98,97,96,95,94,93,92,91,90,89,88,87,86,85,84,83,82,81,80,79,78,77,76,75,74,73,72,71,70,69,68,67,66,65,64,63,62,61,60,59,58,57,56,55,54,53,52,51,50,49,48,47,46,45,44,43,42,41,40,39,38,37,36,35,34,33,32,31,30,29,28,27,26,25,24,23,22,21,20,19,18,17,16,15,14,13,12,11,10,9,8,7,6,5,4,3,2,1,0
2016021709-LUN0,2558023,160723,99564,66354,46185,32759,23542,17178,13498,10796,8712,7113,5884,4894,4112,3506,3057,2669,2347,2077,1845,1649,1473,1324,1202,1089,994,913,843,778,719,663,612,567,527,491,457,426,397,369,343,317,294,272,251,231,213,197,183,170,157,147,137,127,119,112,105,98,91,85,79,73,68,63,59,55,51,49,47,45,43,41,39,37,35,33,31,29,27,25,23,21,19,17,15,13,11,9,7,6,5,4,3,2,1,0
2016021709-LUN1,2351642,182297,114537,77417,54486,39228,28596,21097,16660,13324,10828,8878,7371,6179,5278,4571,4053,3602,3204,2851,2537,2255,2015,1802,1612,1449,1307,1180,1067,965,872,791,727,672,625,583,546,511,480,449,418,387,358,330,304,278,252,228,208,189,171,155,139,123,107,93,80,67,56,46,36,26,17,9,8,7,6,5,4,3,2,1,0
2016021709-LUN2,3169007,183067,113908,76689,53393,37812,27095,19756,15351,12091,9649,7757,6303,5168,4322,3669,3197,2793,2455,2166,1927,1714,1530,1365,1223,1095,993,898,815,739,673,613,562,516,471,430,394,362,334,309,287,265,243,223,206,189,175,162,149,138,130,122,115,109,104,99,94,89,84,80,77,74,71,68,66,64,62,60,58,56,54,52,50,48,46,44,42,40,38,36,35,34,33,32,31,30,29,28,27,26,25,24,23,22,21,20,19,18,17,16,15,14,13,12,11,10,9,8,7,6,5,4,3,2,1,0
log106_Messaging,5702,14,3,0
log111_email,2906,160,68,41,29,24,20,17,15,13,12,11,10,9,8,7,6,5,4,3,2,1,0
log121_Movie,4781,1064,278,195,139,110,84,60,50,41,33,27,22,18,14,11,9,8,7,6,5,4,3,2,1,0
log125_copyHtoD,9278,922,581,426,317,226,182,146,119,95,76,60,44,31,22,16,12,9,6,4,2,0
log126_copyDtoH,79065,31555,14890,11247,8507,7119,5991,5045,4318,3720,3217,2808,2462,2162,1910,1697,1517,1364,1228,1109,1012,927,848,771,700,641,594,559,524,494,464,437,411,389,369,351,336,323,314,305,297,289,282,276,270,264,258,252,246,240,235,231,228,225,222,219,216,213,210,207,204,201,198,195,192,189,186,183,180,177,174,171,168,165,162,159,156,153,150,147,145,143,141,139,137,135,133,131,129,127,125,123,121,119,117,115,113,111,109,107,105,103,101,99,97,95,93,91,89,87,85,83,81,79,77,75,73,71,69,67,65,63,61,59,57,55,53,51,49,47,45,43,41,39,37,35,33,31,29,27,25,23,21,19,17,15,13,12,11,10,9,8,7,6,5,4,3,2,1,0
log131_music,6913,501,379,319,280,250,225,201,178,156,135,117,103,93,84,75,68,62,56,50,46,43,40,37,34,31,28,26,24,22,20,19,18,17,16,15,14,13,12,11,10,9,8,7,6,5,4,3,2,1,0
log132_radio,5820,17,6,3,1,0
log136_idle,6932,51,29,21,16,12,8,5,4,3,2,1,0
log146_callIn,1491,0
log147_callout,1569,10,6,4,2,0
log152_YouTube,2080,5,1,0
log156_download,11670,45,26,17,12,9,7,5,3,1,0
log161_cameraVideo,9348,762,393,271,193,131,108,90,75,62,50,40,32,24,18,16,15,14,13,12,11,10,9,8,7,6,5,4,3,2,1,0
log166_webBrowsing,4090,99,61,41,29,20,14,9,5,2,0
log171_angrybird,3215,66,36,25,17,10,5,3,2,1,0
log176_Booting,18417,2620,2144,1892,1725,1593,1485,1384,1294,1212,1140,1076,1013,953,896,846,801,759,719,681,647,613,581,550,519,490,464,439,414,390,367,345,329,313,299,285,271,259,248,237,228,219,210,202,194,186,179,172,165,158,151,144,137,130,123,116,109,102,95,88,82,76,70,64,63,62,61,60,59,58,57,56,55,54,53,52,51,50,49,48,47,46,45,44,43,42,41,40,39,38,37,36,35,34,33,32,31,30,29,28,27,26,25,24,23,22,21,20,19,18,17,16,15,14,13,12,11,10,9,8,7,6,5,4,3,2,1,0
log181_Installing,17952,165,118,83,53,28,21,17,14,11,8,5,3,2,1,0
log186_twitter,13807,260,148,100,79,70,63,57,51,45,39,35,32,29,27,25,23,21,19,17,15,13,11,9,8,7,6,5,4,3,2,1,0
log191_facebook,3897,108,22,13,7,4,3,2,1,0
log196_Amazon,3173,26,4,1,0
log201_GoogleMap,12603,242,151,122,106,94,88,84,80,77,74,72,70,68,66,64,62,60,58,56,54,52,50,48,46,44,42,40,38,36,34,32,30,28,26,24,22,20,18,16,14,12,10,8,6,5,4,3,2,1,0
log202_GoogleMap,6266,84,44,28,16,5,0
log220_MusicWebBrowse,13204,151,41,29,21,16,11,7,5,3,1,0
log225_MusicFaceBook,35136,400,175,132,109,96,85,75,65,56,48,40,35,31,27,24,22,20,18,16,14,12,11,10,9,8,7,6,5,4,3,2,1,0
log225_MusicTwitter,30057,302,170,131,115,103,93,83,74,65,57,50,43,37,31,26,22,19,16,14,12,10,8,6,4,2,1,0
log230_MusicMessage,16504,51,32,24,17,13,10,8,7,6,5,4,3,2,1,0
log235_RadioFaceBook,10495,64,16,9,8,7,6,5,4,3,2,1,0
log240_RadioMessage,11101,6,2,1,0
log245_MusicFaceBook,35136,400,175,132,109,96,85,75,65,56,48,40,35,31,27,24,22,20,18,16,14,12,11,10,9,8,7,6,5,4,3,2,1,0
log250_RadioWebBrowse,11997,188,49,31,22,17,13,10,7,4,2,0
log260_FaceBookHandOuts,15601,186,38,20,12,7,5,3,1,0
2016021612-LUN0,2761269,168519,102411,67216,45990,32125,22894,16625,12554,9544,7311,5630,4354,3344,2588,2025,1658,1363,1126,935,775,645,534,446,380,326,282,248,216,187,162,140,120,101,84,72,63,55,48,41,34,28,22,18,15,12,9,7,5,3,1,0
2016021612-LUN3,2049798,118426,71135,47352,32840,23034,16171,11379,8436,6234,4647,3424,2479,1761,1261,910,767,653,556,480,416,362,317,278,245,215,187,162,140,123,106,91,76,62,50,40,30,20,16,12,9,6,4,2,1,0
2016021612-LUN4,2387992,295939,199449,140587,102117,75605,56996,43510,34100,27114,21899,17908,14826,12435,10551,9086,7962,7041,6268,5615,5031,4535,4111,3743,3412,3123,2869,2643,2439,2256,2087,1936,1799,1677,1565,1460,1362,1270,1182,1105,1032,962,894,833,775,719,667,618,573,533,494,456,421,388,357,329,304,280,258,241,225,213,201,189,178,167,157,147,138,130,122,114,106,98,92,86,81,76,71,66,61,56,51,47,43,40,37,34,31,28,25,23,21,19,17,15,13,11,9,7,6,5,4,3,2,1,0
2016021612-LUN6,1838833,143277,90992,64051,47079,35278,26738,20468,16206,12908,10404,8379,6775,5481,4505,3790,3352,2994,2677,2401,2160,1953,1773,1609,1463,1336,1221,1114,1020,937,861,791,731,677,628,581,539,501,465,431,399,371,344,322,301,280,260,241,227,214,203,193,184,175,167,159,151,143,135,127,119,112,105,98,92,86,80,74,68,62,57,52,47,43,40,38,36,34,32,30,28,26,24,22,20,18,16,15,14,13,12,11,10,9,8,7,6,5,4,3,2,1,0
2016021613-LUN0,1894391,200960,136390,100449,76626,59888,47731,38774,32534,27639,23802,20681,18154,16087,14394,12999,11885,10938,10099,9349,8680,8069,7512,7000,6525,6087,5685,5316,4974,4666,4378,4110,3854,3608,3381,3166,2969,2784,2608,2439,2284,2135,1994,1870,1761,1662,1572,1487,1405,1325,1250,1177,1108,1042,981,931,884,837,791,747,705,664,623,584,556,530,507,484,461,439,417,397,377,359,344,329,314,300,287,274,261,248,235,222,209,198,188,178,168,158,150,143,137,131,126,121,116,111,106,101,96,91,86,82,78,74,70,66,62,58,54,50,46,43,40,37,34,31,28,25,23,21,19,17,15,13,11,9,8,7,6,5,4,3,2,1,0
2016021613-LUN1,2264352,170630,104980,70597,49710,35684,25995,19023,14570,11289,8930,7194,5882,4832,4112,3575,3201,2884,2609,2375,2172,2001,1853,1718,1600,1495,1407,1327,1251,1179,1116,1062,1016,975,937,902,869,837,806,777,750,724,700,679,658,637,617,599,583,567,553,539,525,512,499,486,474,463,452,443,434,425,417,410,403,396,389,382,376,370,364,358,352,346,340,334,328,322,317,312,307,302,297,292,287,282,278,274,270,266,263,260,257,254,252,250,248,246,244,242,240,238,236,235,234,233,232,231,230,229,228,227,226,225,224,223,222,221,220,219,218,217,216,215,214,213,212,211,210,209,208,207,206,205,204,203,202,201,200,199,198,197,196,195,194,193,192,191,190,189,188,187,186,185,184,183,182,181,180,179,178,177,176,175,174,173,172,171,170,169,168,167,166,165,164,163,162,161,160,159,158,157,156,155,154,153,152,151,150,149,148,147,146,145,144,143,142,141,140,139,138,137,136,135,134,133,132,131,130,129,128,127,126,125,124,123,122,121,120,119,118,117,116,115,114,113,112,111,110,109,108,107,106,105,104,103,102,101,100,99,98,97,96,95,94,93,92,91,90,89,88,87,86,85,84,83,82,81,80,79,78,77,76,75,74,73,72,71,70,69,68,67,66,65,64,63,62,61,60,59,58,57,56,55,54,53,52,51,50,49,48,47,46,45,44,43,42,41,40,39,38,37,36,35,34,33,32,31,30,29,28,27,26,25,24,23,22,21,20,19,18,17,16,15,14,13,12,11,10,9,8,7,6,5,4,3,2,1,0
2016021613-LUN2,4597053,281745,164750,105280,69917,47550,32865,22952,16700,12289,9229,6996,5361,4121,3262,2661,2272,1957,1704,1492,1314,1169,1046,945,856,778,709,648,593,541,494,452,413,376,344,314,286,261,241,224,209,196,184,173,162,151,140,131,123,116,110,104,98,93,89,85,81,77,73,69,65,61,57,54,51,48,45,42,40,38,36,34,32,30,29,28,27,26,25,24,23,22,21,20,19,18,17,16,15,14,13,12,11,10,9,8,7,6,5,4,3,2,1,0
2016021613-LUN3,2271397,177904,112910,77637,55726,40845,30531,23158,18192,14399,11607,9427,7733,6389,5386,4643,4124,3671,3285,2966,2690,2448,2237,2050,1882,1732,1599,1482,1375,1284,1202,1124,1056,994,941,892,849,809,772,737,703,671,642,617,593,573,557,541,526,511,496,481,467,453,439,427,416,405,394,384,374,364,354,345,336,328,320,312,304,297,290,283,276,269,262,255,249,243,237,231,225,219,213,207,202,197,192,187,182,177,172,167,162,157,152,147,142,137,132,127,122,117,112,107,102,98,94,91,88,85,82,79,77,75,73,71,69,67,65,63,61,59,57,55,53,51,50,49,48,47,46,45,44,43,42,41,40,39,38,37,36,35,34,33,32,31,30,29,28,27,26,25,24,23,22,21,20,19,18,17,16,15,14,13,12,11,10,9,8,7,6,5,4,3,2,1,0
2016021613-LUN4,2821937,191318,109639,68969,45306,31222,21917,15556,11512,8599,6515,4925,3692,2730,2067,1595,1338,1130,964,823,711,617,538,477,428,386,352,323,296,272,250,228,208,189,173,157,142,129,116,104,92,83,75,68,63,61,59,57,55,53,51,49,47,45,43,41,39,37,35,33,31,29,27,25,23,21,19,17,15,13,11,9,8,7,6,5,4,3,2,1,0
2016021613-LUN6,2558541,150818,87913,56664,37779,25565,17383,11767,8516,6161,4540,3342,2423,1757,1306,995,839,706,601,507,437,380,336,297,261,230,202,179,157,138,123,112,102,94,86,80,74,69,66,63,60,57,55,53,51,50,49,48,47,46,45,44,43,42,41,40,39,38,37,36,35,34,33,32,31,30,29,28,27,26,25,24,23,22,21,20,19,18,17,16,15,14,13,12,11,10,9,8,7,6,5,4,3,2,1,0
2016021614-LUN0,867967,76298,51579,38195,29808,23751,19256,15784,13332,11302,9621,8228,7051,6064,5244,4598,4078,3652,3282,2963,2670,2408,2168,1955,1769,1598,1451,1315,1190,1073,965,874,795,727,662,605,559,515,475,440,408,381,355,330,306,285,266,249,232,216,201,187,176,166,156,147,139,131,123,115,107,99,91,83,76,70,64,58,52,47,42,38,35,33,31,29,27,26,25,24,23,22,21,20,19,18,17,16,15,14,13,12,11,10,9,8,7,6,5,4,3,2,1,0
2016021614-LUN1,1128505,55988,34955,24492,18271,14045,11049,8823,7298,6094,5134,4346,3710,3177,2747,2388,2088,1834,1608,1417,1254,1111,985,872,776,689,619,556,497,445,399,357,322,292,264,240,219,200,184,169,154,140,126,114,102,91,81,72,64,58,52,47,42,38,34,32,31,30,29,28,27,26,25,24,23,22,21,20,19,18,17,16,15,14,13,12,11,10,9,8,7,6,5,4,3,2,1,0
2016021614-LUN4,1580571,102603,63850,43759,31634,23279,17598,13523,10826,8821,7308,6144,5217,4469,3895,3444,3089,2775,2501,2264,2057,1875,1710,1560,1429,1312,1201,1103,1014,936,867,803,749,697,649,605,564,526,489,457,427,399,373,347,323,301,280,262,245,228,213,198,184,171,159,149,140,131,122,113,104,96,89,84,80,77,74,71,68,65,62,59,56,53,50,47,44,41,38,35,33,31,29,27,25,24,23,22,21,20,19,18,17,16,15,14,13,12,11,10,9,8,7,6,5,4,3,2,1,0
2016021615-LUN1,534529,47486,34640,27157,22217,18550,15693,13434,11820,10506,9371,8418,7599,6935,6380,5902,5495,5135,4808,4517,4243,3990,3751,3522,3309,3108,2926,2759,2601,2456,2320,2194,2075,1961,1853,1751,1653,1558,1467,1386,1312,1240,1169,1100,1039,985,935,887,840,795,752,711,673,638,607,577,549,524,499,475,452,430,411,393,376,359,342,325,309,293,277,261,247,234,221,208,195,184,173,165,157,149,141,134,127,120,113,106,99,92,86,80,74,69,66,63,60,58,56,54,52,50,48,46,44,42,40,38,36,34,32,30,28,26,24,22,21,20,19,18,17,16,15,14,13,12,11,10,9,8,7,6,5,4,3,2,1,0
2016021615-LUN2,1898933,358040,296209,254534,224697,202849,185034,170094,157644,146910,137528,129201,121736,114936,108739,103056,97866,93042,88570,84397,80456,76740,73229,69911,66778,63820,61033,58402,55908,53541,51289,49137,47087,45121,43233,41425,39697,38054,36475,34974,33544,32178,30871,29625,28429,27277,26172,25120,24102,23131,22194,21295,20437,19604,18799,18026,17287,16581,15901,15247,14624,14020,13435,12879,12349,11837,11341,10865,10411,9971,9551,9148,8760,8386,8030,7692,7366,7049,6745,6455,6178,5916,5662,5418,5184,4966,4756,4556,4366,4185,4013,3849,3694,3545,3399,3258,3127,2998,2872,2747,2624,2510,2401,2298,2199,2104,2012,1926,1842,1760,1682,1607,1532,1461,1396,1333,1272,1213,1156,1102,1049,997,946,896,846,799,757,716,687,659,632,605,580,557,536,516,496,477,460,443,426,409,393,379,366,353,341,330,320,311,302,293,284,275,266,257,248,239,230,221,212,203,194,186,178,170,162,154,146,138,130,123,116,110,105,100,95,90,85,81,77,73,70,67,65,63,61,59,57,55,53,51,49,47,45,43,41,39,37,35,33,31,29,27,25,23,21,19,17,15,13,11,9,7,6,5,4,3,2,1,0
2016021615-LUN6,1608802,170950,118591,88244,68411,53807,43080,34977,29427,25027,21509,18618,16264,14275,12672,11323,10235,9276,8420,7654,6980,6376,5835,5351,4920,4525,4163,3829,3518,3239,2976,2728,2504,2297,2114,1945,1788,1645,1510,1386,1269,1157,1055,959,866,778,696,618,566,516,469,425,388,354,323,294,266,239,212,187,163,141,119,98,86,75,65,58,53,49,45,41,38,35,32,29,26,23,20,17,15,14,13,12,11,10,9,8,7,6,5,4,3,2,1,0
2016021616-LUN1,749806,73351,54359,44082,37280,32068,27861,24410,21682,19373,17380,15641,14103,12774,11617,10630,9791,9043,8355,7738,7179,6670,6198,5770,5388,5026,4700,4393,4117,3863,3628,3410,3201,3015,2840,2673,2521,2377,2246,2126,2012,1904,1806,1714,1627,1542,1462,1387,1315,1246,1180,1122,1066,1011,958,911,869,833,798,763,729,696,663,631,607,583,559,535,512,489,468,448,429,410,392,374,357,341,326,312,299,289,279,269,259,249,239,230,221,212,203,194,185,177,169,161,153,146,139,133,127,123,119,115,111,107,103,99,95,91,87,83,79,75,71,67,64,61,58,55,52,49,47,45,43,41,39,37,35,34,33,32,31,30,29,28,27,26,25,24,23,22,21,20,19,18,17,16,15,14,13,12,11,10,9,8,7,6,5,4,3,2,1,0
2016021616-LUN2,1062359,87729,60172,44918,34797,27489,22153,18125,15288,13043,11238,9748,8516,7464,6562,5808,5168,4641,4177,3770,3416,3092,2807,2549,2320,2123,1962,1823,1701,1592,1498,1416,1340,1269,1202,1143,1096,1052,1012,972,934,898,866,836,806,778,753,731,712,694,677,662,648,636,624,612,600,589,578,568,558,548,538,529,521,513,505,497,489,481,473,465,459,453,447,441,435,429,423,417,411,405,399,393,387,381,375,369,363,357,351,346,341,336,331,326,322,318,314,310,306,302,298,295,293,291,289,287,285,283,281,279,277,275,273,271,269,267,265,263,261,259,257,255,253,251,249,247,246,245,244,243,242,241,240,239,238,237,236,235,234,233,232,231,230,229,228,227,226,225,224,223,222,221,220,219,218,217,216,215,214,213,212,211,210,209,208,207,206,205,204,203,202,201,200,199,198,197,196,195,194,193,192,191,190,189,188,187,186,185,184,183,182,181,180,179,178,177,176,175,174,173,172,171,170,169,168,167,166,165,164,163,162,161,160,159,158,157,156,155,154,153,152,151,150,149,148,147,146,145,144,143,142,141,140,139,138,137,136,135,134,133,132,131,130,129,128,127,126,125,124,123,122,121,120,119,118,117,116,115,114,113,112,111,110,109,108,107,106,105,104,103,102,101,100,99,98,97,96,95,94,93,92,91,90,89,88,87,86,85,84,83,82,81,80,79,78,77,76,75,74,73,72,71,70,69,68,67,66,65,64,63,62,61,60,59,58,57,56,55,54,53,52,51,50,49,48,47,46,45,44,43,42,41,40,39,38,37,36,35,34,33,32,31,30,29,28,27,26,25,24,23,22,21,20,19,18,17,16,15,14,13,12,11,10,9,8,7,6,5,4,3,2,1,0
2016021616-LUN6,949064,100574,72150,55861,44701,36258,29805,24755,20974,17922,15367,13222,11439,9934,8683,7640,6817,6103,5486,4950,4466,4038,3656,3313,3006,2729,2476,2251,2045,1864,1692,1548,1421,1301,1193,1099,1015,938,869,804,750,700,654,614,575,541,509,480,453,429,409,390,372,354,337,321,305,289,273,257,244,233,223,214,205,196,187,178,169,160,151,142,133,125,118,111,104,97,90,83,76,69,63,57,51,45,40,35,30,25,22,19,17,15,13,12,11,10,9,8,7,6,5,4,3,2,1,0
2016021617-LUN0,772707,64659,43521,32411,25359,20305,16664,13944,11907,10234,8830,7650,6656,5832,5165,4620,4164,3770,3426,3117,2849,2610,2402,2217,2057,1921,1799,1694,1596,1508,1429,1353,1286,1223,1167,1114,1064,1022,980,940,902,866,834,804,777,754,733,712,693,678,664,652,641,630,619,608,598,589,580,571,563,555,547,540,533,526,519,512,505,498,492,486,480,474,468,463,458,453,448,443,438,433,428,423,418,413,408,403,398,393,388,383,378,373,368,363,359,355,351,347,344,341,338,335,332,329,326,323,320,317,314,311,308,305,302,299,296,293,290,287,284,281,278,275,272,269,266,263,260,257,254,251,248,245,242,239,236,233,230,227,224,221,218,215,212,209,206,203,200,197,194,191,188,185,182,179,176,173,171,169,167,165,163,161,159,157,155,153,151,149,147,145,143,141,139,137,135,133,131,129,127,125,123,121,119,117,115,113,111,109,107,105,103,101,99,97,95,93,91,89,87,85,83,81,79,77,75,73,72,71,70,69,68,67,66,65,64,63,62,61,60,59,58,57,56,55,54,53,52,51,50,49,48,47,46,45,44,43,42,41,40,39,38,37,36,35,34,33,32,31,30,29,28,27,26,25,24,23,22,21,20,19,18,17,16,15,14,13,12,11,10,9,8,7,6,5,4,3,2,1,0
2016021617-LUN2,672580,68456,50206,39818,32684,27272,22997,19552,16856,14635,12772,11181,9790,8587,7547,6687,5955,5305,4720,4195,3729,3322,2958,2647,2386,2155,1950,1774,1618,1481,1351,1240,1143,1056,977,906,839,776,717,663,611,560,511,465,424,385,351,320,293,271,251,233,216,200,185,172,160,150,143,136,129,123,117,112,107,102,97,92,88,84,80,76,72,68,64,60,56,52,48,44,40,36,32,28,25,22,19,16,13,11,9,7,5,3,1,0
2016021617-LUN3,781338,71349,51226,40413,33760,28696,24739,21529,19005,16866,15008,13421,12068,10897,9909,9079,8413,7805,7265,6778,6341,5940,5567,5222,4910,4621,4363,4119,3891,3682,3486,3298,3120,2948,2785,2635,2492,2358,2235,2119,2012,1909,1827,1748,1672,1602,1539,1478,1418,1362,1309,1259,1212,1166,1121,1077,1034,992,950,910,870,832,796,761,731,703,675,648,621,595,570,545,520,497,474,451,428,405,383,361,342,325,308,291,274,260,250,241,232,223,215,207,201,196,191,186,181,176,171,167,163,159,155,151,148,145,142,139,136,133,130,127,124,121,118,115,112,109,106,104,102,100,98,96,94,92,90,89,88,87,86,85,84,83,82,81,80,79,78,77,76,75,74,73,72,71,70,69,68,67,66,65,64,63,62,61,60,59,58,57,56,55,54,53,52,51,50,49,48,47,46,45,44,43,42,41,40,39,38,37,36,35,34,33,32,31,30,29,28,27,26,25,24,23,22,21,20,19,18,17,16,15,14,13,12,11,10,9,8,7,6,5,4,3,2,1,0
2016021617-LUN4,966916,92089,66432,53260,44484,37997,32814,28619,25228,22382,19906,17757,15887,14263,12865,11640,10568,9608,8758,8013,7348,6752,6221,5741,5301,4891,4525,4197,3902,3635,3389,3162,2958,2775,2608,2455,2313,2181,2063,1953,1853,1765,1681,1601,1526,1455,1387,1322,1260,1201,1144,1090,1038,992,948,908,870,833,800,771,744,718,695,672,651,632,614,597,580,565,550,536,522,508,494,480,467,454,442,430,418,407,396,385,374,364,354,344,334,324,315,306,297,288,279,270,261,253,246,239,232,225,219,213,207,201,195,189,183,177,171,165,159,153,147,141,136,131,126,122,118,114,110,106,102,98,94,90,86,82,78,74,70,66,62,58,54,50,46,42,38,35,32,29,27,25,23,21,19,17,15,13,11,9,8,7,6,5,4,3,2,1,0
2016021617-LUN6,1008519,79814,55219,41977,33130,26624,21755,17990,15151,12905,11050,9475,8155,7052,6174,5448,4872,4381,3955,3581,3258,2969,2716,2485,2276,2101,1942,1795,1661,1544,1436,1339,1250,1172,1096,1024,957,895,835,782,735,692,652,614,579,547,518,491,465,439,414,391,372,353,334,318,302,286,272,258,244,230,218,209,203,197,191,185,179,173,167,162,157,152,147,143,139,135,131,127,123,119,115,112,109,107,105,103,101,99,97,95,93,91,89,87,85,83,81,79,77,75,73,71,69,67,65,63,61,59,57,55,53,51,49,47,45,43,41,39,37,35,33,31,29,27,25,23,21,19,17,15,13,11,9,8,7,6,5,4,3,2,1,0
2016021618-LUN1,605819,77937,58336,46891,39098,33100,28247,24304,21174,18596,16373,14459,12804,11356,10158,9103,8225,7434,6712,6086,5532,5033,4581,4173,3794,3456,3156,2879,2629,2400,2192,2009,1840,1692,1551,1418,1295,1177,1066,965,873,796,724,662,603,551,503,459,418,379,346,316,288,266,245,226,209,192,176,160,145,133,124,116,112,108,104,100,96,92,88,84,80,76,72,68,64,60,57,54,51,48,45,42,39,36,34,32,30,28,26,24,23,22,21,20,19,18,17,16,15,14,13,12,11,10,9,8,7,6,5,4,3,2,1,0
2016021618-LUN2,715298,78074,56400,44064,35626,29226,24223,20228,17256,14835,12807,11103,9635,8381,7276,6338,5527,4834,4236,3712,3261,2877,2536,2245,1991,1766,1568,1398,1243,1106,991,887,804,728,661,599,547,500,457,415,378,344,314,286,259,232,208,185,164,145,129,114,101,92,83,74,66,58,50,43,38,33,28,23,20,17,14,12,10,8,6,4,3,2,1,0
2016021618-LUN3,983607,89617,65363,52327,43646,36957,31634,27248,23768,20861,18344,16153,14262,12618,11178,9926,8845,7883,7039,6277,5603,5005,4475,4009,3582,3210,2880,2591,2338,2111,1901,1716,1555,1412,1284,1168,1062,966,877,796,721,658,598,545,498,453,411,375,341,311,285,260,241,223,207,191,176,162,149,136,124,112,100,88,83,78,73,68,63,58,53,48,44,40,36,32,29,26,23,20,17,14,11,8,6,5,4,3,2,1,0
2016021618-LUN4,639558,67450,48337,37800,30441,24868,20528,17096,14421,12225,10406,8901,7607,6495,5533,4724,4044,3458,2961,2563,2206,1904,1643,1420,1232,1077,948,839,740,658,586,518,460,405,353,308,268,237,210,190,170,151,133,116,101,88,77,69,61,54,48,42,36,30,24,18,12,8,6,4,3,2,1,0
2016021618-LUN6,824068,84702,58999,45489,36577,29999,24927,20922,17909,15481,13467,11776,10322,9077,8028,7130,6366,5708,5116,4619,4185,3797,3449,3146,2878,2644,2433,2242,2067,1911,1775,1652,1539,1436,1344,1265,1195,1132,1073,1017,963,912,863,819,779,743,710,681,653,627,605,583,562,541,522,503,484,467,451,435,422,411,400,390,380,370,360,350,340,330,320,310,300,290,280,272,264,256,248,240,232,224,216,209,202,196,190,184,178,172,166,160,155,150,145,140,135,130,125,120,115,111,107,103,99,95,91,87,83,79,76,73,70,67,64,61,58,55,52,49,46,43,40,38,36,34,32,30,28,26,24,22,20,18,16,14,12,10,8,7,6,5,4,3,2,1,0
2016021619-LUN0,1430675,115259,78838,58698,45557,36178,29188,23935,20090,16998,14501,12402,10649,9173,7956,6964,6125,5413,4798,4275,3815,3409,3052,2738,2455,2215,1997,1798,1619,1454,1310,1182,1068,969,879,794,716,647,585,530,480,432,388,348,314,282,256,232,209,189,169,151,134,117,103,89,76,65,54,44,35,26,19,15,13,11,9,7,5,3,1,0
2016021619-LUN1,961085,109681,79289,61825,49979,41062,34285,28911,24872,21616,18934,16675,14745,13083,11667,10464,9464,8579,7801,7115,6503,5946,5457,5022,4632,4285,3966,3674,3409,3174,2975,2803,2642,2497,2363,2240,2128,2018,1918,1827,1741,1664,1593,1529,1469,1413,1365,1318,1274,1232,1194,1160,1128,1096,1065,1038,1012,987,963,939,916,893,870,848,832,817,802,788,774,760,746,732,718,704,691,678,665,652,639,626,614,602,590,579,568,558,548,539,530,521,512,503,494,485,476,467,459,451,443,435,427,419,411,403,395,387,379,371,363,355,347,340,333,326,319,312,305,298,291,284,277,270,263,256,249,242,235,228,223,218,213,208,204,200,196,192,188,184,180,176,172,168,164,160,156,152,148,144,140,136,132,128,124,120,116,112,108,104,100,96,92,88,84,80,76,72,68,64,60,56,52,48,44,40,36,33,30,27,24,21,19,17,15,13,12,11,10,9,8,7,6,5,4,3,2,1,0
2016021619-LUN2,1644153,204991,144668,113178,93464,79087,68151,59608,53212,47922,43410,39488,36172,33244,30634,28263,26199,24318,22608,21014,19591,18259,17035,15886,14868,13925,13061,12247,11517,10825,10183,9585,9051,8546,8068,7618,7201,6802,6422,6058,5738,5436,5150,4883,4641,4411,4200,4003,3825,3653,3487,3332,3184,3045,2910,2784,2665,2546,2432,2326,2224,2127,2033,1945,1864,1783,1704,1627,1553,1481,1411,1343,1281,1221,1163,1111,1060,1012,965,920,879,838,800,765,732,700,668,636,607,578,551,524,500,477,454,431,410,389,370,351,332,314,298,284,271,259,247,235,223,211,199,187,175,163,153,143,134,125,118,112,106,100,94,88,82,77,72,68,65,62,59,56,53,50,47,44,42,40,38,36,34,32,30,28,26,24,22,21,20,19,18,17,16,15,14,13,12,11,10,9,8,7,6,5,4,3,2,1,0
2016021619-LUN3,1133348,112415,77945,58867,46136,36750,29744,24365,20477,17483,15067,13078,11438,10084,8961,7998,7171,6434,5782,5216,4719,4269,3861,3501,3173,2889,2639,2413,2212,2020,1868,1738,1629,1532,1445,1366,1289,1217,1150,1086,1028,973,923,875,830,790,752,717,683,650,618,588,560,535,510,486,464,443,422,401,381,363,346,332,321,310,299,289,280,271,263,256,249,242,235,228,223,218,213,208,203,198,193,188,183,179,175,171,167,163,161,159,157,155,153,151,149,147,145,143,141,139,137,135,134,133,132,131,130,129,128,127,126,125,124,123,122,121,120,119,118,117,116,115,114,113,112,111,110,109,108,107,106,105,104,103,102,101,100,99,98,97,96,95,94,93,92,91,90,89,88,87,86,85,84,83,82,81,80,79,78,77,76,75,74,73,72,71,70,69,68,67,66,65,64,63,62,61,60,59,58,57,56,55,54,53,52,51,50,49,48,47,46,45,44,43,42,41,40,39,38,37,36,35,34,33,32,31,30,29,28,27,26,25,24,23,22,21,20,19,18,17,16,15,14,13,12,11,10,9,8,7,6,5,4,3,2,1,0
2016021619-LUN4,805270,112459,84651,68373,56710,47761,40597,34839,30319,26537,23314,20593,18239,16207,14424,12866,11543,10383,9352,8458,7653,6935,6310,5755,5256,4802,4395,4031,3719,3438,3192,2966,2763,2577,2409,2261,2122,1996,1881,1775,1677,1582,1494,1416,1343,1274,1212,1154,1103,1057,1014,973,937,902,868,837,808,780,752,724,697,672,650,631,620,609,599,589,579,569,559,550,541,532,523,514,505,496,487,478,469,460,451,442,433,424,415,406,397,388,380,372,364,356,348,341,335,329,323,317,311,306,301,296,291,286,281,276,271,266,261,256,251,246,241,236,232,228,225,222,219,216,213,210,207,204,201,198,195,192,189,186,183,180,177,174,171,168,165,162,159,156,153,150,147,144,141,138,135,132,130,128,126,124,122,120,118,116,114,112,110,108,106,104,102,100,98,96,94,92,90,88,86,84,82,80,78,76,74,72,70,68,66,64,62,60,58,56,54,52,50,48,46,44,42,40,38,36,34,32,30,28,26,24,22,20,18,16,14,13,12,11,10,9,8,7,6,5,4,3,2,1,0
2016021619-LUN4,805270,112459,84651,68373,56710,47761,40597,34839,30319,26537,23314,20593,18239,16207,14424,12866,11543,10383,9352,8458,7653,6935,6310,5755,5256,4802,4395,4031,3719,3438,3192,2966,2763,2577,2409,2261,2122,1996,1881,1775,1677,1582,1494,1416,1343,1274,1212,1154,1103,1057,1014,973,937,902,868,837,808,780,752,724,697,672,650,631,620,609,599,589,579,569,559,550,541,532,523,514,505,496,487,478,469,460,451,442,433,424,415,406,397,388,380,372,364,356,348,341,335,329,323,317,311,306,301,296,291,286,281,276,271,266,261,256,251,246,241,236,232,228,225,222,219,216,213,210,207,204,201,198,195,192,189,186,183,180,177,174,171,168,165,162,159,156,153,150,147,144,141,138,135,132,130,128,126,124,122,120,118,116,114,112,110,108,106,104,102,100,98,96,94,92,90,88,86,84,82,80,78,76,74,72,70,68,66,64,62,60,58,56,54,52,50,48,46,44,42,40,38,36,34,32,30,28,26,24,22,20,18,16,14,13,12,11,10,9,8,7,6,5,4,3,2,1,0
2016021619-LUN6,948330,106785,77854,60918,49188,40250,33263,27775,23524,20129,17307,14926,12926,11192,9767,8553,7537,6647,5873,5212,4631,4121,3676,3275,2924,2603,2324,2075,1848,1646,1465,1299,1155,1031,924,830,745,673,606,547,495,452,416,385,356,330,306,283,260,239,224,209,195,182,169,157,146,136,127,119,112,105,98,93,91,89,87,85,83,81,79,77,75,73,71,69,67,65,63,61,60,59,58,57,56,55,54,53,52,51,50,49,48,47,46,45,44,43,42,41,40,39,38,37,36,35,34,33,32,31,30,29,28,27,26,25,24,23,22,21,20,19,18,17,16,15,14,13,12,11,10,9,8,7,6,5,4,3,2,1,0
2016021707-LUN0,15118,1052,579,332,218,151,107,75,56,43,33,24,18,14,11,9,8,7,6,5,4,3,2,1,0
2016021707-LUN1,15567,2408,1959,1665,1440,1259,1110,985,882,790,711,643,582,529,477,428,387,348,312,280,250,224,202,183,165,147,131,116,102,90,79,69,61,53,45,37,31,27,23,19,16,14,12,11,10,9,8,7,6,5,4,3,2,1,0
2016021707-LUN2,85842,18650,13020,9323,6758,4929,3648,2709,2040,1539,1179,923,724,567,452,357,286,226,171,131,104,84,64,50,39,32,28,24,20,16,14,12,10,8,6,4,2,1,0
2016021707-LUN3,6754,353,234,177,145,120,103,91,82,75,69,64,59,54,49,44,40,36,33,30,27,25,23,21,19,17,15,13,11,9,8,7,6,5,4,3,2,1,0
2016021707-LUN4,2227,43,17,8,4,2,0
2016021707-LUN6,10713,1006,621,445,322,237,168,113,93,76,61,47,35,26,18,11,8,6,4,2,1,0
2016021708-LUN0,2464281,138995,83101,54071,36649,25261,17784,12596,9176,6744,5018,3770,2867,2179,1685,1327,1071,870,712,586,479,400,339,291,250,217,187,161,139,118,101,88,76,66,56,48,41,34,28,24,20,16,12,9,7,5,3,1,0
2016021708-LUN1,1457956,115333,76721,55792,42450,32993,26052,20795,17600,15298,13432,11905,10657,9624,8786,8097,7498,6974,6505,6095,5734,5408,5108,4836,4590,4362,4144,3936,3746,3567,3400,3243,3095,2961,2836,2721,2611,2506,2403,2306,2218,2137,2059,1983,1910,1839,1772,1706,1643,1584,1527,1470,1413,1362,1314,1268,1222,1179,1139,1099,1060,1024,989,955,922,891,860,829,798,767,736,707,681,657,633,609,587,565,543,521,499,477,456,436,417,398,380,362,345,329,315,303,291,279,267,256,245,236,227,218,209,201,193,185,177,169,161,155,149,143,138,134,130,127,124,121,118,115,112,109,106,103,100,97,94,91,88,85,82,79,76,73,70,67,64,61,58,55,52,50,48,46,44,42,40,38,36,34,32,30,28,26,24,22,20,18,16,14,12,10,8,6,5,4,3,2,1,0
2016021612-LUN1,1955881,89627,50285,31559,20969,14071,9436,6252,4410,3081,2196,1555,1085,738,513,362,300,246,201,165,136,114,93,74,60,49,39,33,27,22,18,14,11,8,7,6,5,4,3,2,1,0
2016021612-LUN2,3402545,312309,203294,142174,102497,75347,56228,42390,32794,25651,20212,16043,12800,10245,8216,6585,5596,4786,4114,3556,3082,2689,2350,2058,1812,1591,1406,1243,1102,978,867,770,683,607,539,477,420,372,327,284,244,209,177,150,128,108,90,74,60,48,37,29,22,17,13,11,9,7,5,3,2,1,0
2016021614-LUN2,3871405,262169,150422,94701,62964,43213,30662,22298,16898,13043,10305,8306,6798,5659,4779,4058,3513,3076,2712,2401,2126,1891,1693,1521,1367,1231,1112,1009,915,835,765,704,653,610,571,534,499,466,438,411,391,371,351,332,314,298,284,270,257,244,231,218,206,195,184,174,164,156,148,140,133,126,119,112,106,100,96,92,88,84,81,78,75,72,69,66,64,62,60,58,56,54,52,50,48,46,45,44,43,42,41,40,39,38,37,36,35,34,33,32,31,30,29,28,27,26,25,24,23,22,21,20,19,18,17,16,15,14,13,12,11,10,9,8,7,6,5,4,3,2,1,0
2016021614-LUN3,1289238,69796,43350,30689,23224,18134,14484,11784,9890,8434,7249,6288,5481,4802,4241,3770,3401,3081,2796,2546,2317,2114,1927,1760,1613,1480,1358,1246,1141,1047,963,883,815,757,705,657,612,570,533,499,468,440,415,391,367,343,319,297,277,260,243,227,212,199,186,173,160,149,138,128,118,108,99,90,84,78,72,66,60,54,48,43,39,36,33,30,27,24,21,18,16,14,13,12,11,10,9,8,7,6,5,4,3,2,1,0
2016021614-LUN6,1133570,108563,77786,60150,48380,39653,32973,27725,23754,20520,17834,15588,13702,12113,10780,9651,8687,7862,7130,6492,5927,5426,4981,4593,4238,3925,3643,3380,3136,2909,2707,2530,2363,2209,2060,1917,1781,1655,1540,1435,1340,1253,1173,1097,1025,960,897,841,790,742,699,659,626,595,565,538,513,489,466,443,421,399,378,360,346,332,318,305,292,280,270,261,253,245,237,229,222,216,210,204,199,194,189,184,179,174,169,165,161,157,153,149,145,141,137,133,129,125,121,117,113,109,105,101,97,93,89,85,81,77,73,69,65,62,59,56,53,50,47,44,42,40,38,36,34,32,30,28,26,24,22,20,18,16,14,12,10,8,6,4,3,2,1,0
2016021615-LUN0,1073405,56860,38465,28378,21829,17092,13684,11087,9171,7645,6414,5388,4527,3819,3248,2781,2402,2073,1794,1548,1332,1153,1012,896,795,707,632,566,512,465,422,382,344,315,288,262,237,214,193,173,154,138,124,111,99,89,79,69,61,54,48,43,38,33,28,23,18,14,10,8,6,4,2,0
2016021615-LUN3,821226,66949,45562,34182,26969,21665,17634,14495,12207,10389,8888,7657,6624,5767,5038,4419,3904,3446,3040,2677,2352,2075,1829,1616,1428,1269,1137,1023,918,820,732,650,583,522,467,413,367,328,292,258,226,199,174,152,132,114,98,84,71,60,50,42,34,28,22,19,16,13,10,7,4,2,0
2016021615-LUN4,527385,33518,22257,16723,13187,10682,8808,7348,6289,5432,4704,4084,3561,3112,2725,2401,2137,1903,1706,1528,1374,1238,1131,1034,948,883,825,775,733,696,661,633,608,583,559,536,514,492,472,453,434,417,400,383,367,352,338,324,310,296,282,269,258,248,238,228,218,209,200,192,184,176,168,160,153,146,139,132,125,118,111,104,97,90,84,79,74,69,64,60,56,52,48,45,42,39,37,35,33,31,29,27,25,23,21,19,17,16,15,14,13,12,11,10,9,8,7,6,5,4,3,2,1,0
2016021616-LUN0,744634,75196,53362,41756,33969,28192,23824,20314,17677,15473,13594,11979,10582,9369,8301,7364,6551,5845,5226,4663,4165,3719,3325,2974,2658,2375,2126,1904,1703,1524,1364,1225,1104,996,895,805,721,646,579,521,465,413,368,327,291,262,237,216,197,179,163,150,139,130,121,114,107,101,95,90,86,82,78,74,70,66,62,58,55,52,49,46,43,40,37,34,31,28,25,22,20,18,16,14,12,10,8,6,4,2,1,0
2016021616-LUN3,759483,69481,50246,39389,32312,26917,22615,19130,16469,14290,12496,10973,9677,8571,7614,6777,6063,5438,4885,4400,3980,3600,3279,2994,2729,2496,2287,2099,1935,1792,1667,1557,1459,1375,1300,1236,1178,1123,1072,1024,979,935,894,859,828,799,771,747,724,703,684,666,649,632,616,600,585,571,558,545,533,522,511,501,494,487,480,473,466,459,452,445,438,431,424,417,410,403,396,389,383,378,373,368,363,358,353,348,343,338,333,328,323,318,313,308,303,298,293,288,283,278,273,268,263,258,253,249,245,241,237,233,229,225,221,217,213,209,205,201,197,193,189,185,181,177,173,169,166,163,160,157,154,151,148,145,142,139,136,133,130,127,124,121,118,115,112,109,106,103,100,97,94,91,88,85,82,79,76,73,70,67,64,61,58,56,54,52,50,48,46,44,43,42,41,40,39,38,37,36,35,34,33,32,31,30,29,28,27,26,25,24,23,22,21,20,19,18,17,16,15,14,13,12,11,10,9,8,7,6,5,4,3,2,1,0
2016021616-LUN4,778778,93877,68926,54651,44649,37057,31081,26279,22512,19429,16853,14653,12770,11147,9813,8662,7660,6800,6049,5395,4839,4345,3905,3532,3200,2912,2651,2416,2214,2037,1871,1723,1589,1462,1345,1242,1147,1062,984,913,850,794,743,695,649,604,563,527,495,465,438,411,388,365,347,329,312,296,282,268,256,244,233,222,216,210,205,200,195,190,185,180,175,170,165,160,155,150,145,140,135,130,125,120,115,111,107,103,99,97,95,93,91,89,87,85,83,81,79,77,75,73,71,69,67,65,63,61,59,57,55,53,51,49,47,45,43,41,39,37,35,33,31,29,27,26,25,24,23,22,21,20,19,18,17,16,15,14,13,12,11,10,9,8,7,6,5,4,3,2,1,0
2016021617-LUN1,441199,33268,22877,17621,14238,11673,9677,8070,6860,5861,5038,4366,3800,3323,2913,2559,2263,2006,1779,1580,1404,1249,1118,999,892,803,724,653,590,536,484,433,390,351,322,298,275,254,236,220,206,192,179,166,154,144,136,128,120,112,105,98,92,86,81,76,71,67,63,59,55,51,47,43,40,37,35,33,31,29,27,25,23,21,19,17,16,15,14,13,12,11,10,9,8,7,6,5,4,3,2,1,0
2016021618-LUN0,1054308,109076,74867,55538,42687,33423,26591,21586,18025,15192,12868,10946,9352,8021,6951,6118,5433,4839,4314,3858,3476,3142,2845,2582,2351,2147,1963,1795,1643,1508,1390,1280,1179,1082,993,911,837,767,701,642,588,538,493,451,411,379,350,323,298,275,254,233,212,193,174,157,143,129,116,104,93,84,76,69,66,63,60,57,54,51,48,45,42,39,36,33,30,28,27,26,25,24,23,22,21,20,19,18,17,16,15,14,13,12,11,10,9,8,7,6,5,4,3,2,1,0
2016021620-LUN0,1124327,127861,92414,71811,57824,47384,39563,33582,28921,25120,21956,19311,17096,15201,13584,12188,11020,9988,9071,8262,7546,6895,6317,5796,5327,4904,4514,4168,3854,3559,3294,3049,2848,2663,2494,2334,2188,2050,1930,1816,1710,1611,1518,1429,1344,1262,1184,1115,1052,990,931,875,822,774,728,684,644,607,572,541,512,484,456,429,411,393,375,359,343,328,314,300,289,279,270,261,253,245,237,229,221,213,206,200,194,188,182,176,170,164,158,152,146,140,135,130,125,120,115,110,105,100,95,91,87,83,79,75,71,67,63,59,55,51,47,43,39,35,31,27,23,19,15,11,8,5,2,0
2016021620-LUN1,653388,60213,42575,32947,26432,21528,17720,14714,12532,10798,9380,8181,7170,6319,5624,5031,4519,4075,3682,3339,3034,2760,2519,2304,2116,1953,1807,1676,1550,1439,1339,1243,1159,1079,1005,935,873,817,763,711,660,614,569,528,491,459,429,402,378,355,334,313,295,278,263,249,237,227,219,211,203,195,187,182,178,174,170,166,162,158,154,150,146,143,140,137,134,131,128,125,122,119,116,113,110,107,104,102,100,98,96,95,94,93,92,91,90,89,88,87,86,85,84,83,82,81,80,79,78,77,76,75,74,73,72,71,70,69,68,67,66,65,64,63,62,61,60,59,58,57,56,55,54,53,52,51,50,49,48,47,46,45,44,43,42,41,40,39,38,37,36,35,34,33,32,31,30,29,28,27,26,25,24,23,22,21,20,19,18,17,16,15,14,13,12,11,10,9,8,7,6,5,4,3,2,1,0
2016021620-LUN2,1147164,135058,100089,80320,66233,55557,47151,40378,35004,30563,26809,23571,20778,18375,16312,14521,12939,11547,10302,9195,8216,7347,6580,5898,5278,4721,4229,3791,3393,3037,2719,2437,2182,1953,1749,1575,1414,1270,1137,1017,907,816,735,664,600,538,480,434,392,353,318,287,256,228,202,178,156,137,118,100,85,72,60,50,46,43,40,37,34,32,30,28,26,24,22,20,18,16,14,13,12,11,10,9,8,7,6,5,4,3,2,1,0
2016021620-LUN3,1252039,112586,77454,60040,48469,39905,33251,27926,23985,20746,18035,15750,13776,12083,10612,9318,8209,7236,6381,5634,4999,4452,3961,3519,3125,2785,2483,2229,1996,1785,1604,1448,1320,1204,1096,995,905,826,756,693,635,579,524,476,432,389,351,317,285,258,234,213,193,173,159,146,133,120,108,97,87,78,69,61,59,57,56,55,54,53,52,51,50,49,48,47,46,45,44,43,42,41,40,39,38,37,36,35,34,33,32,31,30,29,28,27,26,25,24,23,22,21,20,19,18,17,16,15,14,13,12,11,10,9,8,7,6,5,4,3,2,1,0
