Name,Trace length,Unique items,Unique strides,Prefix,Item entropy,Stride entropy,Item conditional entropy,Stride conditional entropy,Exponential function entropy,Linear Function entropy,Infinities,Stack distances
2016021612-LUN0,2761269,2030800,1974432,1,20.28677,17.85154,0.95357,2.22212,15.82730,2.07510,0
2016021612-LUN1,1955881,1564861,1384821,1,19.97598,17.52317,0.76857,2.29003,14.03082,2.12534,0
2016021612-LUN2,3402545,2508737,2130145,1,19.77699,16.91788,1.02259,2.45499,17.72304,2.19612,0
2016021612-LUN3,2049798,1640449,1393555,1,19.94388,17.33298,0.76795,2.26777,14.63719,2.15773,0
2016021612-LUN4,2387992,1949933,1493432,1,20.44389,16.01790,0.61192,2.77909,15.09533,2.10804,0
2016021612-LUN6,1838833,1415777,1115106,1,19.66662,16.15639,0.78191,2.68838,15.07799,2.19900,0
2016021613-LUN0,1894391,1333954,1127217,1,19.53276,15.90911,1.04420,2.61875,16.19532,2.37984,0
2016021613-LUN1,2264352,1716007,1435574,1,20.03299,16.63212,0.90228,2.66669,15.41373,2.40459,0
2016021613-LUN2,4597053,3345254,3066984,1,20.22225,17.89184,1.04116,2.44306,17.35316,2.11415,0
2016021613-LUN3,2271397,1756923,1440755,1,20.05516,16.71264,0.85321,2.61025,15.72745,2.31575,0
2016021613-LUN4,2821937,2359610,1911113,1,20.72960,17.25670,0.58497,2.67357,16.08050,2.06636,0
2016021613-LUN6,2558541,2026018,1768875,1,20.36048,17.43289,0.75848,2.47513,15.59272,2.00200,0
2016021614-LUN0,867967,520290,475836,1,17.59522,15.13451,1.48546,2.52789,14.25151,2.80722,0
2016021614-LUN1,1128505,789524,732994,1,18.56286,16.59028,1.19218,2.29457,13.94107,2.74713,0
2016021614-LUN2,3871405,2988848,2725282,1,20.95828,17.95833,0.81454,2.51299,17.33966,2.55091,0
2016021614-LUN3,1289238,894740,804287,1,18.68852,16.47188,1.17938,2.40177,13.71461,2.47285,0
2016021614-LUN4,1580571,1105072,947121,1,19.21973,16.07114,1.07381,2.72880,14.21119,2.49747,0
2016021614-LUN6,1133570,763234,640233,1,18.46923,15.30633,1.18755,2.59237,15.24903,2.14440,0
2016021615-LUN0,1073405,389335,432170,1,14.79803,14.11517,1.70973,1.95709,14.05428,2.69789,0
2016021615-LUN1,534529,268214,296508,1,16.22402,14.90252,1.90636,2.10787,13.87082,1.93953,0
2016021615-LUN2,1898933,1137484,827874,1,17.53870,13.54337,1.40240,2.38986,18.02413,1.95415,0
2016021615-LUN3,821226,451156,410302,1,17.18862,14.64728,1.63545,2.57359,13.31890,2.36745,0
2016021615-LUN4,527385,283181,274838,1,16.48154,14.72923,1.61400,2.35560,12.35760,2.42557,0
2016021615-LUN6,1608802,991668,906765,1,18.89102,15.56144,1.31417,2.64678,14.56370,2.49502,0
2016021616-LUN0,744634,466111,385797,1,17.43137,14.53292,1.39354,2.60906,13.95486,2.46423,0
2016021616-LUN1,749806,369643,363159,1,16.34721,14.56586,1.90371,2.42400,13.56153,2.45006,0
2016021616-LUN2,1062359,755684,600257,1,18.48063,15.37609,1.12960,2.53611,14.28278,1.87856,0
2016021616-LUN3,759483,447908,376879,1,17.21197,14.65594,1.55521,2.59519,13.48081,2.28392,0
2016021616-LUN4,778778,512930,368211,1,17.76245,13.81212,1.23582,2.65692,13.61694,1.94028,0
2016021616-LUN6,949064,575601,478758,1,17.76536,14.54786,1.40672,2.65738,13.63700,2.38366,0
2016021617-LUN0,772707,480680,403026,1,17.43121,14.81699,1.39718,2.58205,14.27317,2.88740,0
2016021617-LUN1,441199,214462,223036,1,15.96550,14.21978,1.89136,2.51380,13.43060,2.27819,0
2016021617-LUN2,672580,397327,322359,1,17.04692,14.07379,1.54534,2.55935,14.61862,2.01841,0
2016021617-LUN3,781338,466346,390757,1,17.34971,14.72023,1.50503,2.60030,13.65333,2.61594,0
2016021617-LUN4,966916,662119,485114,1,18.36047,14.72377,1.05213,2.75176,14.32241,2.18740,0
2016021617-LUN6,1008519,550165,515653,1,17.68552,15.01596,1.49460,2.74717,13.87246,2.40851,0
2016021618-LUN0,1054308,667581,548704,1,18.09293,14.72711,1.36206,2.64142,14.92902,2.61625,0
2016021618-LUN1,605819,369754,286562,1,17.12574,13.39430,1.43063,2.41738,14.12178,2.10212,0
2016021618-LUN2,715298,460597,336023,1,17.42614,13.82613,1.39748,2.71828,14.58853,1.92549,0
2016021618-LUN3,983607,527348,428845,1,17.03138,14.00734,1.44267,2.59003,14.69463,2.11518,0
2016021618-LUN4,639558,393747,293232,1,17.30076,13.56624,1.28872,2.64518,13.46624,2.01820,0
2016021618-LUN6,824068,526649,380648,1,17.70390,13.77819,1.35733,2.85546,13.71516,2.26952,0
2016021619-LUN0,1430675,843483,780654,1,18.29482,15.47917,1.31735,2.48131,14.30657,2.61503,0
2016021619-LUN1,961085,674531,490571,1,18.36626,14.31127,1.13550,2.66053,14.73541,2.09867,0
2016021619-LUN2,1644153,1297285,873589,1,19.58358,14.68776,0.80202,2.95278,17.13428,2.10162,0
2016021619-LUN3,1133348,807190,560950,1,18.60536,14.45942,1.08362,2.91931,14.38070,2.24165,0
2016021619-LUN4,805270,586463,355945,1,18.19334,13.22182,0.99711,2.78965,14.36886,1.81318,0
2016021619-LUN6,948330,665632,471413,1,18.22004,14.23132,1.15120,2.69695,14.19421,1.85713,0
2016021620-LUN0,1124327,728363,600972,1,18.33937,14.77787,1.28453,2.54665,15.43064,2.07422,0
2016021620-LUN1,653388,413874,324989,1,17.29880,14.28504,1.40699,2.63627,13.73351,2.40960,0
2016021620-LUN2,1147164,860072,579732,1,18.75482,14.42775,0.98994,2.72099,15.48786,2.01244,0
2016021620-LUN3,1252039,687898,556177,1,18.38842,14.44789,1.29616,3.19936,14.43493,2.43540,0
2016021620-LUN4,1322094,1062252,571227,1,19.42961,12.72792,0.67330,2.83140,13.75585,1.70789,0
2016021620-LUN6,944526,681666,424774,1,18.35301,13.30579,1.06987,2.83197,14.85956,1.64461,0
2016021707-LUN0,15118,14145,9333,1,13.66365,11.17618,0.18517,1.87669,9.48754,2.38684,0
2016021707-LUN1,15567,11542,8761,1,13.16536,10.21777,0.63306,1.31828,9.36833,1.21214,0
2016021707-LUN2,85842,83086,49263,1,16.28979,11.03264,0.09195,2.26602,14.03643,0.35409,0
2016021707-LUN3,6754,5771,4719,1,12.26571,11.15171,0.37903,1.14266,6.93006,2.30365,0
2016021707-LUN4,2227,1544,1691,1,10.21736,10.07349,0.70587,0.78089,4.57137,1.01500,0
2016021707-LUN6,10713,7249,6303,1,12.23869,10.81393,0.70584,1.20900,9.51060,1.26522,0
2016021708-LUN0,2464281,1918142,1701522,1,20.27900,17.53750,0.77808,2.28638,15.80216,2.32381,0
2016021708-LUN1,1457956,1043692,899765,1,19.11129,16.22835,1.08394,2.36340,14.88208,2.64505,0
2016021708-LUN3,2096251,1579781,1212220,1,19.82983,16.11311,0.85630,2.40463,16.79238,1.95191,0
2016021708-LUN4,1566986,1264739,899378,1,19.63620,15.48075,0.75035,2.45853,16.50194,1.76286,0
2016021708-LUN6,1772415,1381455,1023762,1,19.73483,15.46037,0.79596,2.53246,16.10827,1.81975,0
2016021709-LUN0,2558023,1987265,1760999,1,20.27196,17.50577,0.84230,2.26750,15.11224,2.18804,0
2016021709-LUN1,2351642,1688123,1569314,1,19.92742,17.03015,1.04240,2.33024,15.45155,2.29968,0
2016021709-LUN2,3169007,2024221,1827082,1,18.79030,16.68171,1.14192,2.27065,15.47697,2.13777,0
2016021709-LUN4,2551815,1922547,1857404,1,20.36744,17.89951,0.81477,2.02680,14.63853,2.15494,0
cassandra-0,3274,3057,1024,1,11.51728,6.50491,0.05998,2.20952,-0,1.31636,0
cassandra-1,2734,2669,994,1,11.36793,6.82630,0.03617,2.47817,-0,0.55240,0
cassandra-2,2731,2656,985,1,11.35689,6.78630,0.04104,2.45945,-0,0.50689,0
clojure-0,2807,2747,1025,1,11.41078,6.67781,0.02810,2.24940,-0,0.74776,0
clojure-1,2793,2734,1021,1,11.40464,6.68396,0.02579,2.26429,-0,0.75100,0
clojure-2,2793,2734,1018,1,11.40464,6.67571,0.02579,2.26228,-0,0.74921,0
crate-0,3447,3397,1206,1,11.72063,7.39434,0.01788,2.94086,-0,0.76504,0
crate-1,3420,3370,1175,1,11.70974,7.29757,0.01579,2.93708,-0,0.66810,0
crate-2,3402,3342,1177,1,11.69608,7.33460,0.01375,2.94558,-0,0.65430,0
crate-init,537,471,60,1,8.76286,1.95623,0.13555,0.86844,-0,0.75691,0
django-0,1548,1443,484,1,10.45691,4.79995,0.08403,1.21836,-0,0.07234,0
django-1,1387,1293,472,1,10.30166,5.00681,0.07414,1.26894,-0,0.08458,0
django-2,1387,1293,474,1,10.30166,5.01114,0.07414,1.26461,-0,0.06711,0
drupal-0,1140,1089,379,1,10.06468,4.75079,0.05334,1.15965,-0,0.04085,0
drupal-1,1220,1169,388,1,10.16844,4.63346,0.04820,1.13962,-0,0.01859,0
drupal-2,1105,1055,375,1,10.01865,4.81211,0.05141,1.17739,-0,0.02141,0
elasticsearch-0,2990,2923,1055,1,11.49940,7.07088,0.03157,2.69260,-0,0.63853,0
elasticsearch-1,2970,2918,1059,1,11.50030,7.09293,0.02290,2.68182,-0,0.65054,0
elasticsearch-2,2924,2886,1053,1,11.48705,7.14484,0.01847,2.67238,-0,0.67694,0
gcc-0,934,895,331,1,9.78296,4.72047,0.07369,1.18572,-0,0.02463,0
gcc-1,942,899,327,1,9.78749,4.68975,0.07307,1.26165,-0,0.02479,0
gcc-2,942,899,329,1,9.78749,4.69480,0.07094,1.25873,-0,0.04946,0
ghost-0,4116,3790,1562,1,11.84719,6.65342,0.05471,1.69852,-0,0.14692,0
ghost-1,4091,3765,1545,1,11.83837,6.64212,0.05623,1.70560,-0,0.13210,0
ghost-2,4120,3766,1561,1,11.83573,6.64802,0.06009,1.71421,-0,0.13177,0
ghost-init,925,459,61,1,8.69655,1.58213,0.11162,0.86461,-0,0.48391,0
glassfish-0,7403,7219,1581,1,12.80150,4.99976,0.03409,2.13670,-0,0.70816,0
glassfish-1,7249,7108,1558,1,12.78368,4.96175,0.02647,2.12690,-0,0.71126,0
glassfish-2,7221,7100,1564,1,12.78388,5.01792,0.01721,2.13331,-0,0.72262,0
golang-0,1251,1168,238,1,10.15557,4.03844,0.05340,1.73536,-0,0.45014,0
golang-1,1253,1164,236,1,10.14851,3.95807,0.05811,1.75247,-0,0.39088,0
golang-2,1253,1164,239,1,10.14851,3.97919,0.05811,1.75737,-0,0.37306,0
haskell-0,2199,2105,835,1,11.01424,6.33997,0.06659,1.98860,-0,0.86216,0
haskell-1,1976,1921,817,1,10.89232,6.49673,0.03886,2.11991,-0,0.38057,0
haskell-2,1976,1921,818,1,10.89232,6.50455,0.03886,2.12597,-0,0.38187,0
hello-world-init,873,398,56,1,8.49352,1.34730,0.10967,0.88993,-0,0.20521,0
hylang-0,1309,1223,392,1,10.22227,4.55463,0.08620,1.13130,-0,0.07693,0
hylang-1,1324,1237,397,1,10.23870,4.55427,0.08976,1.13219,-0,0.10625,0
hylang-2,1334,1237,400,1,10.23329,4.56268,0.09829,1.14498,-0,0.10611,0
java-0,1561,1512,524,1,10.54371,5.42923,0.04792,1.68750,-0,0.43432,0
java-1,1423,1381,512,1,10.41516,5.65710,0.04132,1.77479,-0,0.55782,0
java-2,1411,1369,510,1,10.40244,5.62692,0.04167,1.76502,-0,0.51454,0
jenkins-0,3744,3532,949,1,11.74848,5.23511,0.06213,2.00746,-0,0.62256,0
jenkins-1,3456,3351,867,1,11.69286,5.08956,0.03925,1.94714,-0,0.69189,0
jenkins-2,3431,3339,852,1,11.68951,4.99950,0.03312,1.89759,-0,0.64016,0
jetty-0,1933,1860,705,1,10.83884,6.19839,0.04742,1.96938,-0,0.36807,0
jetty-1,1833,1781,715,1,10.78284,6.40195,0.03098,1.99910,-0,0.38633,0
jetty-2,1858,1783,713,1,10.77758,6.35000,0.03784,2.00163,-0,0.38733,0
jruby-0,2878,2674,827,1,11.32256,5.86167,0.05350,2.15520,-0,1.13526,0
jruby-1,2268,2219,774,1,11.10366,6.21588,0.02856,2.46614,-0,0.32317,0
jruby-2,2302,2243,772,1,11.11708,6.15610,0.03075,2.45144,-0,0.30727,0
mariadb-0,1046,948,380,1,9.82914,5.29532,0.12932,1.48571,-0,0.30997,0
mariadb-1,987,920,366,1,9.80024,5.22261,0.11080,1.42806,-0,0.22683,0
mariadb-2,942,896,351,1,9.77050,5.24379,0.08586,1.45356,-0,0.17499,0
mysql-0,1000,915,384,1,9.79303,5.53443,0.11287,1.38639,-0,0.23520,0
mysql-1,950,864,352,1,9.70403,5.13435,0.11288,1.23096,-0,0.22607,0
mysql-2,928,849,360,1,9.68475,5.32257,0.10869,1.27918,-0,0.15732,0
percona-0,1062,974,403,1,9.88425,5.52321,0.10250,1.40110,-0,0.27145,0
percona-1,925,868,362,1,9.72790,5.21390,0.08874,1.25995,-0,0.05610,0
percona-2,925,868,358,1,9.72790,5.20606,0.08874,1.26996,-0,0.05610,0
percona-init,934,485,66,1,8.76244,1.64126,0.10731,0.82323,-0,0.56338,0
php-zendserver-0,3577,3292,1167,1,11.63068,6.22378,0.11724,1.78813,-0,0.85519,0
php-zendserver-1,3706,3487,1232,1,11.72926,6.04611,0.07591,1.81526,-0,0.15234,0
php-zendserver-2,3253,3066,1147,1,11.54513,6.28707,0.07196,1.91242,-0,0.16020,0
postgres-0,2170,1989,618,1,10.91320,6.06110,0.04864,1.56050,-0,0.12424,0
postgres-1,2131,1960,626,1,10.89513,6.13459,0.04265,1.54943,-0,0.15893,0
postgres-2,2150,1963,629,1,10.89414,6.12496,0.04728,1.54845,-0,0.15761,0
pypy-0,1145,1087,441,1,10.05742,5.25006,0.06643,1.31063,-0,0.04497,0
pypy-1,1090,1038,441,1,9.99217,5.43153,0.05877,1.37303,-0,0.04999,0
pypy-2,1103,1038,441,1,9.98662,5.38855,0.06376,1.37791,-0,0.04915,0
r-base-0,1007,956,285,1,9.87381,4.02965,0.07829,1.08436,-0,0.12618,0
r-base-1,1047,994,283,1,9.93008,3.90477,0.07338,1.10273,-0,0.10042,0
r-base-2,1013,962,283,1,9.88298,3.98504,0.07189,1.11896,-0,0.10527,0
rabbitmq-0,1488,1354,443,1,10.35299,5.70214,0.10970,1.34453,-0,0.98027,0
rabbitmq-1,1312,1226,416,1,10.22588,5.70603,0.06007,1.43364,-0,0.46026,0
rabbitmq-2,1307,1220,421,1,10.21776,5.85084,0.06394,1.45714,-0,0.53487,0
rails-0,8038,7737,1219,1,12.88696,4.64127,0.04525,2.05347,-0,0.41466,0
rails-1,7814,7554,1178,1,12.85026,4.66731,0.03750,2.07161,-0,0.43846,0
rails-2,7787,7527,1193,1,12.84572,4.70012,0.03797,2.07856,-0,0.43654,0
registry-0,2195,2002,783,1,10.92182,5.73600,0.08038,1.24619,-0,0.08093,0
registry-1,2251,2084,814,1,10.98675,5.86026,0.07234,1.27738,-0,0.09592,0
registry-2,2274,2107,732,1,11.00293,5.50114,0.07072,1.52000,-0,0.13235,0
sonarqube-0,8626,8304,2061,1,12.97859,6.82616,0.04181,3.27882,-0,0.97510,0
sonarqube-1,8502,8292,2001,1,12.99652,6.79547,0.02884,3.32113,-0,0.88175,0
sonarqube-2,8477,8268,1979,1,12.98258,6.78759,0.02610,3.30810,-0,0.99326,0
tomcat-0,2281,2218,868,1,11.09933,6.62697,0.03158,2.13947,-0,0.41747,0
tomcat-1,2184,2126,888,1,11.03826,6.82949,0.03367,2.14731,-0,0.39167,0
tomcat-2,2294,2208,896,1,11.08736,6.65787,0.03816,2.09554,-0,0.35262,0
log106_Messaging,5702,2805,2714,1,8.29455,8.47661,2.14347,2.72856,-0,2.37878,0
log111_email,2906,1893,1387,1,10.12705,8.41311,0.89873,2.33312,-0,2.34356,0
log121_Movie,4781,4699,307,1,12.17499,3.69236,0.02880,2.34806,-0,1.47152,0
log125_copyHtoD,9278,4897,3346,1,10.84760,8.70162,1.20484,2.61859,-0,2.02917,0
log126_copyDtoH,79065,77723,2589,1,16.22689,3.20740,0.02642,1.92928,-0,1.80239,0
log131_music,6913,4711,3194,1,11.00823,9.21844,0.72253,2.12404,-0,1.00773,0
log132_radio,5820,4122,3641,1,10.88723,10.16045,1.19830,2.14210,-0,2.25445,0
log136_idle,6932,4558,4102,1,11.06920,10.12943,1.23840,2.21422,-0,2.08278,0
log146_callIn,1491,1028,910,1,9.20178,8.47089,0.89550,1.70947,-0,-0,0
log147_callout,1569,1018,914,1,9.05955,8.39818,0.99912,1.80595,-0,0.72193,0
log152_YouTube,2080,1740,996,1,10.24388,7.29677,0.70255,1.87605,-0,1.92193,0
log156_download,11670,5643,5592,1,7.80886,8.78885,2.53200,2.83199,-0,1.44527,0
log161_cameraVideo,9348,7824,3480,1,12.67052,8.79990,0.32946,3.01919,-0,3.46104,0
log166_webBrowsing,4090,2829,2507,1,10.59041,9.78629,0.95275,1.70526,-0,1.28717,0
log171_angrybird,3215,2377,1820,1,10.40126,9.09665,0.83811,1.98914,-0,1.00902,0
log176_Booting,18417,14787,8439,1,12.99158,10.01282,0.65949,2.12257,0.72193,1.43983,0
log181_Installing,17952,9051,8958,1,10.01744,10.36117,2.15048,2.62244,-0,0.51423,0
log186_twitter,13807,6503,6143,1,8.73491,9.08111,2.34894,3.08923,4.20498,2.26259,0
log191_facebook,3897,2563,1995,1,10.10805,8.97228,1.04020,2.28900,-0,2.33826,0
log196_Amazon,3173,2120,1783,1,9.85775,9.16354,1.00416,1.93569,-0,2.96347,0
log201_GoogleMap,12603,7212,6342,1,10.76182,10.02282,1.70839,2.85819,2.95340,2.75983,0
log202_GoogleMap,6266,3494,3061,1,9.53384,9.16079,1.66131,2.60241,1.47073,2.14435,0
log220_MusicWebBrowse,13204,8133,7040,1,11.68231,10.54535,1.28801,2.59964,-0,3.24389,0
log225_MusicFaceBook,35136,13881,12351,1,9.32486,9.12190,2.03030,3.26245,-0,2.98358,0
log225_MusicTwitter,30057,11056,10753,1,8.60692,8.78178,2.18657,3.12212,3.94033,2.37495,0
log230_MusicMessage,16504,7617,7835,1,9.47583,9.94149,2.25689,2.87033,-0,1.30977,0
log235_RadioFaceBook,10495,4964,4640,1,9.34001,9.35221,1.92404,2.72448,1,2.68790,0
log240_RadioMessage,11101,5608,5530,1,9.01970,9.44094,2.32006,2.78139,-0,1.45915,0
log245_MusicFaceBook,35136,13881,12351,1,9.32486,9.12190,2.03030,3.26245,-0,2.98358,0
log250_RadioWebBrowse,11997,8580,6570,1,12.14198,10.38918,0.98587,2.64769,1.23890,3.45968,0
log260_FaceBookHandOuts,15601,7171,6138,1,9.33564,9.07483,1.99631,3.13816,-0,3.80123,0
748,159688,65595,59446,1,14.25638,11.18945,1.93419,3.63712,-0,0.26716,0
749,33754,13847,15315,1,11.02345,10.47527,2.20044,3.26258,-0,1.69886,0
750,76374,17945,23188,1,9.67913,9.39792,2.33425,2.83765,-0,0.06591,0
751,50302,8597,8522,1,6.72100,8.23474,3.05219,2.94113,-0,0.65939,0
752,38111,25692,622,1,14.51353,1.99977,0.17342,0.28055,-0,0.05408,0
753,69784,21530,27778,1,10.87683,11.34476,2.65534,3.35965,-0,1.32859,0
754,35446,13724,15432,1,9.77819,10.46605,1.78870,1.94333,-0,1.82947,0
755,40463,16979,18084,1,11.10931,10.45334,2.01332,3.23361,-0,1.88176,0
756,22626,9391,10831,1,9.36517,11.19889,2.46000,2.21694,-0,0.46900,0
757,36789,13730,14522,1,9.72368,10.21262,1.90953,2.29633,-0,0.69903,0
758,63054,30223,36343,1,12.43523,11.63265,2.71326,3.89690,-0,0.87531,0
759,52235,35614,14250,1,14.09188,6.92383,0.89379,2.63759,-0,0.03969,0
760,69306,21093,26113,1,10.73098,11.02225,2.50283,3.31135,-0,2.40391,0
761,379717,75003,126697,1,12.02278,13.00056,3.69023,3.30999,-0,1.39583,0
762,17107,10590,7077,1,11.19294,8.96433,1.66439,2.65395,-0,0.25371,0
763,278175,47796,112440,1,11.08923,13.97789,4.12627,2.49499,6.27235,2.07922,0
764,39879,19729,19205,1,12.04803,11.24944,1.92628,3.01735,-0,2.07587,0
765,492389,49884,114766,1,12.57350,9.65935,2.18348,4.14261,1,0.16040,0
766,59322,40226,5878,1,15.07013,3.16946,0.20312,1.34098,-0,0.63696,0
767,21291,11358,13114,1,9.31695,10.72946,3.81139,3.40748,-0,1.24688,0
768,515408,244297,113372,1,16.69677,8.42570,1.19833,1.66573,-0,0.02661,0
769,180889,29854,46187,1,9.61546,11.86222,3.58217,2.68257,-0,1.25447,0
770,75603,36817,36768,1,12.28070,11.40932,1.94604,3.81238,-0,1.36728,0
771,332642,81992,82817,1,14.05368,10.42445,2.27152,4.28097,11.17493,2.80570,0
772,7697,4007,4561,1,10.05460,10.09825,2.11663,2.28665,-0,1.10363,0
773,469569,68153,151802,1,11.61532,13.72074,3.99450,2.66071,4.97236,1.20123,0
774,63376,28766,32697,1,13.18202,10.45622,2.48405,4.27215,-0,0.19565,0
775,432342,109665,90668,1,14.64043,9.50165,2.12334,4.52154,10.42600,2.39689,0
776,34934,14655,17343,1,10.33012,11.25926,1.90987,2.05544,-0,1.37095,0
777,12574,6454,4318,1,11.95518,7.40948,0.81345,1.73454,-0,0.53336,0
778,35778,13168,15228,1,9.63108,10.50501,1.83967,1.88708,-0,1.25163,0
779,493860,280029,117831,1,17.03703,8.28791,1.08404,1.39338,-0,0.06005,0
780,76297,28414,40317,1,11.71282,12.60969,2.54311,2.29431,-0,1.08382,0
781,59243,24814,29758,1,11.38277,11.36641,2.62794,3.20832,-0,1.31736,0
782,59295,20271,27155,1,11.84022,11.92341,2.45218,3.22925,-0,2.45284,0
783,316596,57510,81913,1,10.94004,11.31052,3.63938,3.47511,-0,0.25906,0
784,24526,10080,10923,1,10.47948,9.95682,2.12802,3.16978,-0,1.56864,0
785,24023,9562,10292,1,10.25997,9.78208,2.08806,3.05232,-0,2.22905,0
786,35989,13467,15843,1,9.66714,10.39182,1.82406,2.02947,-0,1.89106,0
787,476923,91754,152945,1,13.50622,11.63388,2.68961,3.52234,12.60037,1.42989,0
788,28892,8625,15898,1,8.61444,11.26946,2.84167,1.51797,-0,0.52298,0
789,30399,9682,8187,1,11.50537,7.57355,1.59983,2.78728,-0,0.43316,0
790,510308,257551,120101,1,16.88227,7.83850,1.12717,1.34064,-0,0.02114,0
791,391262,209131,113270,1,16.41005,9.16943,1.28225,1.43028,-0,0.07448,0
792,37405,13481,15275,1,9.51233,10.23728,1.84750,1.99020,-0,0.72399,0
793,7232,4388,3978,1,9.71444,9.01599,2.49360,2.73280,-0,0.44566,0
794,534210,57888,124544,1,11.60101,12.36538,3.81467,3.76160,-0,1.32501,0
795,506680,53912,160273,1,11.14251,14.26536,4.63402,2.82391,2.74585,1.37280,0
796,35037,12638,14121,1,9.64227,10.24087,1.88059,2.25320,-0,2.23593,0
797,35417,13433,15389,1,9.79937,10.46566,1.90770,2.18874,-0,1.35203,0
798,361676,65664,134009,1,15.34274,11.44694,2.38988,4.11015,-0,1.48203,0
799,23507,9660,10473,1,10.39495,9.96719,2.30129,3.24209,-0,1.19060,0
800,271425,69919,97935,1,13.20240,11.87577,2.88835,3.68983,-0,0.25276,0
801,125173,49429,76135,1,12.81234,14.02919,2.63164,2.12000,-0,1.31256,0
802,50165,20979,23740,1,11.60694,10.74835,1.90041,3.32561,-0,1.75369,0
803,57259,21775,24469,1,11.38791,10.38069,1.96925,3.49262,-0,1.44471,0
804,33700,13650,15515,1,10.03939,10.80477,1.87606,1.96547,-0,2.19716,0
805,1233,1204,74,1,10.22092,1.36752,0.01461,1.16014,-0,0.15388,0
806,14290,8836,7625,1,11.37305,10.06777,1.48288,2.74018,-0,1.40443,0
807,50819,11399,17022,1,11.29567,9.56874,2.20706,2.50557,-0,0.64870,0
808,26276,13755,11419,1,9.96339,9.13102,2.78095,4.11208,-0,1.17822,0
809,582433,239202,121782,1,17.29983,7.97000,1.52913,3.56010,-0,0.44257,0
810,918025,772362,298386,1,19.33615,7.60531,0.26215,3.18111,2,0.00827,0
811,302663,14760,34885,1,10.09516,9.02324,3.32342,3.90802,11.12590,1.20816,0
812,43425,15110,16458,1,10.52452,9.82310,2.20228,3.44936,-0,1.85697,0
813,40514,14681,16026,1,10.53705,9.98200,2.21307,3.37672,-0,1.14611,0
814,29652,21468,6060,1,12.30794,6.54017,1.25858,2.25331,-0,1.21371,0
815,466027,65624,126626,1,11.73750,12.97943,3.96305,3.55610,-0,1.53355,0
816,244606,243535,56693,1,17.88922,6.48320,0.01087,2.51936,12.05494,1.66697,0
817,213737,53013,63511,1,13.27030,10.44774,2.65827,2.43030,-0,0.05903,0
818,56432,20335,21276,1,10.51010,9.95841,2.12866,3.43183,-0,1.23661,0
819,168889,25669,53437,1,10.23061,11.79162,2.94849,2.36130,-0,0.98138,0
820,81034,32336,33322,1,11.14315,10.88485,3.58582,3.67529,-0,0.38251,0
821,7728,3661,4014,1,9.61530,9.60631,2.21894,2.77038,-0,1.50321,0
822,491714,60805,120690,1,11.75890,12.69119,3.88813,3.62143,-0,1.02496,0
823,1591971,939925,415060,1,18.47838,11.05013,1.38782,2.54823,6.81077,1.27392,0
824,67480,23687,33994,1,11.33109,12.24302,2.66299,2.57383,-0,1.16045,0
825,35309,16264,18134,1,10.82298,11.29017,1.80748,2.20257,-0,1.79248,0
826,111993,44606,67896,1,12.86153,14.08877,2.46728,1.74052,-0,1.77616,0
827,48505,31649,12418,1,13.55519,6.80238,1.06589,2.76585,-0,1.36140,0
828,41768,20028,19213,1,11.84858,10.99583,1.88970,3.25151,-0,2.41160,0
829,120152,47599,66457,1,12.77895,13.01538,2.57298,2.94280,-0,1.64641,0
830,7569,3273,3835,1,9.37055,9.71418,2.40208,1.88961,-0,1.50000,0
831,286372,46733,98486,1,10.94693,13.24249,3.85669,2.79781,5.02788,1.38257,0
832,493080,67448,122381,1,12.10414,12.71178,3.86344,3.74812,-0,1.28876,0
833,8719,3619,6143,1,9.61513,11.46209,2.24886,0.92858,-0,0.58963,0
834,380618,114926,102172,1,14.69344,10.23126,2.01596,4.01838,10.46033,2.23587,0
835,12931,6922,5653,1,10.09550,8.86896,2.05467,3.12253,-0,1.68168,0
836,34726,16474,17426,1,10.92204,11.28242,1.75633,2.12343,-0,1.25163,0
837,22636,9268,9708,1,10.28911,9.88065,2.21590,3.18285,-0,1.50823,0
838,467020,19366,93675,1,9.66932,11.83149,3.70494,2.82030,3.70573,0.49280,0
839,79648,34924,16522,1,11.65417,7.85521,1.88863,3.32467,-0,0.99194,0
840,59224,21224,21906,1,10.48092,10.08749,2.21645,3.39782,-0,1.32960,0
841,82373,26262,33044,1,11.33959,10.99816,2.63262,3.18398,-0,0.89046,0
842,34334,15720,18387,1,10.72608,11.34161,1.82883,2.02852,-0,0.81128,0
843,36404,16209,18610,1,10.64594,11.23511,1.87881,2.14368,-0,1.37095,0
844,22486,10691,10886,1,11.10225,10.33671,2.31596,3.00665,-0,1.48805,0
845,398073,55004,136701,1,11.37441,13.56616,3.97005,2.82387,3.41384,2.28244,0
846,87172,10670,21194,1,6.92185,11.26082,4.78597,3.04262,0.39124,1.87252,0
847,58359,5245,13056,1,7.24650,9.42127,3.21621,2.62245,-0,1.49778,0
848,36450,13463,14183,1,9.57892,10.04853,1.76273,2.15181,-0,1.78064,0
849,702325,110037,268977,1,13.31109,13.85592,4.02280,3.04309,4.73890,0.63115,0
850,61530,38803,21653,1,12.71480,8.05957,1.50947,2.09132,-0,0.00919,0
851,24420,9403,9965,1,10.17891,9.74201,2.25534,3.24557,-0,1.32406,0
852,33557,14650,17657,1,10.50865,11.31761,1.84500,1.90576,-0,0.91830,0
853,133036,15563,40660,1,8.80922,12.16399,4.42577,3.03632,-0,2.05229,0
854,36823,13434,15499,1,9.71015,10.40595,1.88591,2.10929,-0,1.52193,0
855,39329,9594,2593,1,12.77335,2.95217,1.02953,0.55022,-0,0.27884,0
856,468129,54848,153330,1,11.10766,14.37974,4.63328,2.69749,0.87030,1.62338,0
857,491012,57963,152916,1,11.76956,14.03223,3.78076,2.64376,2.20282,1.34363,0
2016021612-LUN0,2761269,2030800,1974432,2,20.28677,17.85154,0.10736,0.59554,14.99194,1.76168,0
2016021612-LUN1,1955881,1564861,1384821,2,19.97598,17.52317,0.10575,0.53494,12.69583,1.73722,0
2016021612-LUN2,3402545,2508737,2130145,2,19.77699,16.91788,0.32564,0.85358,16.99214,2.09926,0
2016021612-LUN3,2049798,1640449,1393555,2,19.94388,17.33298,0.13243,0.59732,13.62380,1.85537,0
2016021612-LUN4,2387992,1949933,1493432,2,20.44389,16.01790,0.08210,0.88888,14.22877,1.91936,0
2016021612-LUN6,1838833,1415777,1115106,2,19.66662,16.15639,0.14323,0.77802,14.09595,1.95383,0
2016021613-LUN0,1894391,1333954,1127217,2,19.53276,15.90911,0.16670,0.83907,15.54226,2.18739,0
2016021613-LUN1,2264352,1716007,1435574,2,20.03299,16.63212,0.11843,0.77063,14.33807,2.08720,0
2016021613-LUN2,4597053,3345254,3066984,2,20.22225,17.89184,0.33511,0.76121,16.43388,1.93316,0
2016021613-LUN3,2271397,1756923,1440755,2,20.05516,16.71264,0.13447,0.75296,14.91350,2.06054,0
2016021613-LUN4,2821937,2359610,1911113,2,20.72960,17.25670,0.07552,0.69959,15.14944,1.88177,0
2016021613-LUN6,2558541,2026018,1768875,2,20.36048,17.43289,0.10227,0.64656,14.73067,1.69836,0
2016021614-LUN0,867967,520290,475836,2,17.59522,15.13451,0.34629,0.74523,13.64231,2.48765,0
2016021614-LUN1,1128505,789524,732994,2,18.56286,16.59028,0.21328,0.55728,13.09231,2.44362,0
2016021614-LUN2,3871405,2988848,2725282,2,20.95828,17.95833,0.07906,0.68892,16.42566,2.38384,0
2016021614-LUN3,1289238,894740,804287,2,18.68852,16.47188,0.23895,0.61258,13.05301,2.11026,0
2016021614-LUN4,1580571,1105072,947121,2,19.21973,16.07114,0.18760,0.76035,12.88348,2.18988,0
2016021614-LUN6,1133570,763234,640233,2,18.46923,15.30633,0.24891,0.76392,14.34535,1.84625,0
2016021615-LUN0,1073405,389335,432170,2,14.79803,14.11517,0.62721,0.74245,13.28539,2.35948,0
2016021615-LUN1,534529,268214,296508,2,16.22402,14.90252,0.45967,0.64030,13.42542,1.70517,0
2016021615-LUN2,1898933,1137484,827874,2,17.53870,13.54337,0.50393,0.92295,17.61174,1.75724,0
2016021615-LUN3,821226,451156,410302,2,17.18862,14.64728,0.39658,0.84220,12.54038,2.03910,0
2016021615-LUN4,527385,283181,274838,2,16.48154,14.72923,0.43233,0.66925,11.81016,2.09918,0
2016021615-LUN6,1608802,991668,906765,2,18.89102,15.56144,0.22347,0.84480,13.73680,2.26965,0
2016021616-LUN0,744634,466111,385797,2,17.43137,14.53292,0.34946,0.82182,12.96916,2.00709,0
2016021616-LUN1,749806,369643,363159,2,16.34721,14.56586,0.48188,0.74902,12.31279,2.18747,0
2016021616-LUN2,1062359,755684,600257,2,18.48063,15.37609,0.23581,0.75311,13.33669,1.50956,0
2016021616-LUN3,759483,447908,376879,2,17.21197,14.65594,0.38783,0.77464,12.54859,1.96413,0
2016021616-LUN4,778778,512930,368211,2,17.76245,13.81212,0.29671,0.91432,12.44237,1.61172,0
2016021616-LUN6,949064,575601,478758,2,17.76536,14.54786,0.33373,0.83867,12.51969,2.10162,0
2016021617-LUN0,772707,480680,403026,2,17.43121,14.81699,0.35591,0.79399,13.50162,2.54280,0
2016021617-LUN1,441199,214462,223036,2,15.96550,14.21978,0.47408,0.74255,12.89672,1.88145,0
2016021617-LUN2,672580,397327,322359,2,17.04692,14.07379,0.38154,0.81435,13.97346,1.69618,0
2016021617-LUN3,781338,466346,390757,2,17.34971,14.72023,0.36575,0.78711,13.19033,2.34645,0
2016021617-LUN4,966916,662119,485114,2,18.36047,14.72377,0.24185,0.83820,13.37531,1.78196,0
2016021617-LUN6,1008519,550165,515653,2,17.68552,15.01596,0.36239,0.80394,13.03018,2.04983,0
2016021618-LUN0,1054308,667581,548704,2,18.09293,14.72711,0.27603,0.88908,13.96637,2.31358,0
2016021618-LUN1,605819,369754,286562,2,17.12574,13.39430,0.33020,0.85399,13.23192,1.88488,0
2016021618-LUN2,715298,460597,336023,2,17.42614,13.82613,0.33713,0.93445,13.88593,1.55105,0
2016021618-LUN3,983607,527348,428845,2,17.03138,14.00734,0.41768,0.91111,13.44728,1.71023,0
2016021618-LUN4,639558,393747,293232,2,17.30076,13.56624,0.32882,0.91212,11.81421,1.65070,0
2016021618-LUN6,824068,526649,380648,2,17.70390,13.77819,0.32241,1.00282,13.01483,1.86620,0
2016021619-LUN0,1430675,843483,780654,2,18.29482,15.47917,0.26966,0.77713,13.20631,2.32454,0
2016021619-LUN1,961085,674531,490571,2,18.36626,14.31127,0.21070,0.89397,13.61312,1.81586,0
2016021619-LUN2,1644153,1297285,873589,2,19.58358,14.68776,0.14570,1.03416,16.59837,1.73729,0
2016021619-LUN3,1133348,807190,560950,2,18.60536,14.45942,0.23459,0.97680,13.12569,1.91646,0
2016021619-LUN4,805270,586463,355945,2,18.19334,13.22182,0.22830,0.98466,13.19496,1.51593,0
2016021619-LUN6,948330,665632,471413,2,18.22004,14.23132,0.26600,0.90587,12.84322,1.50885,0
2016021620-LUN0,1124327,728363,600972,2,18.33937,14.77787,0.24937,0.84208,14.50768,1.77375,0
2016021620-LUN1,653388,413874,324989,2,17.29880,14.28504,0.32181,0.82154,12.76960,2.10118,0
2016021620-LUN2,1147164,860072,579732,2,18.75482,14.42775,0.21384,0.90485,14.67685,1.66394,0
2016021620-LUN3,1252039,687898,556177,2,18.38842,14.44789,0.29592,1.04770,13.23444,1.99971,0
2016021620-LUN4,1322094,1062252,571227,2,19.42961,12.72792,0.13100,1.04624,12.51117,1.40811,0
2016021620-LUN6,944526,681666,424774,2,18.35301,13.30579,0.24282,1.03718,13.39531,1.32735,0
2016021707-LUN0,15118,14145,9333,2,13.66365,11.17618,0.02413,0.45411,8.56459,2.05853,0
2016021707-LUN1,15567,11542,8761,2,13.16536,10.21777,0.08305,0.55876,8.47464,0.98587,0
2016021707-LUN2,85842,83086,49263,2,16.28979,11.03264,0.00579,1.01855,13.41402,0.23314,0
2016021707-LUN3,6754,5771,4719,2,12.26571,11.15171,0.05403,0.19195,6.34470,1.74342,0
2016021707-LUN4,2227,1544,1691,2,10.21736,10.07349,0.12922,0.18964,3.39275,1.15955,0
2016021707-LUN6,10713,7249,6303,2,12.23869,10.81393,0.15630,0.46110,8.78737,0.75660,0
2016021708-LUN0,2464281,1918142,1701522,2,20.27900,17.53750,0.11289,0.64198,14.88766,2.05235,0
2016021708-LUN1,1457956,1043692,899765,2,19.11129,16.22835,0.16999,0.70097,13.77714,2.39399,0
2016021708-LUN3,2096251,1579781,1212220,2,19.82983,16.11311,0.14793,0.78716,16.27855,1.70850,0
2016021708-LUN4,1566986,1264739,899378,2,19.63620,15.48075,0.12319,0.83030,15.81804,1.56676,0
2016021708-LUN6,1772415,1381455,1023762,2,19.73483,15.46037,0.14053,0.87247,15.46117,1.55351,0
2016021709-LUN0,2558023,1987265,1760999,2,20.27196,17.50577,0.11081,0.63796,14.05387,1.90814,0
2016021709-LUN1,2351642,1688123,1569314,2,19.92742,17.03015,0.12640,0.72938,14.74232,2.04451,0
2016021709-LUN2,3169007,2024221,1827082,2,18.79030,16.68171,0.37005,0.77231,14.24860,1.84308,0
2016021709-LUN4,2551815,1922547,1857404,2,20.36744,17.89951,0.06931,0.59270,13.40983,1.91015,0
cassandra-0,3274,3057,1024,2,11.51728,6.50491,0.01804,0.55380,-0,1.03573,0
cassandra-1,2734,2669,994,2,11.36793,6.82630,0.00394,0.49690,-0,0.11375,0
cassandra-2,2731,2656,985,2,11.35689,6.78630,0.00586,0.49801,-0,0.07360,0
clojure-0,2807,2747,1025,2,11.41078,6.67781,0.00597,0.43660,-0,0.48293,0
clojure-1,2793,2734,1021,2,11.40464,6.68396,0.00573,0.43677,-0,0.47168,0
clojure-2,2793,2734,1018,2,11.40464,6.67571,0.00573,0.44141,-0,0.47045,0
crate-0,3447,3397,1206,2,11.72063,7.39434,0.00486,0.50764,-0,0.09719,0
crate-1,3420,3370,1175,2,11.70974,7.29757,0.00410,0.51695,-0,0.03075,0
crate-2,3402,3342,1177,2,11.69608,7.33460,0.00471,0.51723,-0,0.03214,0
crate-init,537,471,60,2,8.76286,1.95623,0.05302,0.74631,-0,0.78255,0
django-0,1548,1443,484,2,10.45691,4.79995,0.02070,0.35075,-0,-0,0
django-1,1387,1293,472,2,10.30166,5.00681,0.02022,0.33740,-0,-0,0
django-2,1387,1293,474,2,10.30166,5.01114,0.02022,0.33740,-0,-0,0
drupal-0,1140,1089,379,2,10.06468,4.75079,0.00879,0.34313,-0,-0,0
drupal-1,1220,1169,388,2,10.16844,4.63346,0.00657,0.34116,-0,-0,0
drupal-2,1105,1055,375,2,10.01865,4.81211,0.00725,0.32828,-0,-0,0
elasticsearch-0,2990,2923,1055,2,11.49940,7.07088,0.00695,0.47414,-0,0.15567,0
elasticsearch-1,2970,2918,1059,2,11.50030,7.09293,0.00337,0.46357,-0,0.13017,0
elasticsearch-2,2924,2886,1053,2,11.48705,7.14484,0.00342,0.47163,-0,0.13849,0
gcc-0,934,895,331,2,9.78296,4.72047,0.00429,0.30265,-0,-0,0
gcc-1,942,899,327,2,9.78749,4.68975,0.01064,0.32386,-0,-0,0
gcc-2,942,899,329,2,9.78749,4.69480,0.01277,0.32386,-0,-0,0
ghost-0,4116,3790,1562,2,11.84719,6.65342,0.02644,0.37709,-0,0.04329,0
ghost-1,4091,3765,1545,2,11.83837,6.64212,0.02592,0.37372,-0,0.02681,0
ghost-2,4120,3766,1561,2,11.83573,6.64802,0.02768,0.37997,-0,0.02675,0
ghost-init,925,459,61,2,8.69655,1.58213,0.06058,0.79778,-0,0.50781,0
glassfish-0,7403,7219,1581,2,12.80150,4.99976,0.00524,0.78231,-0,0.63348,0
glassfish-1,7249,7108,1558,2,12.78368,4.96175,0.00359,0.75864,-0,0.64097,0
glassfish-2,7221,7100,1564,2,12.78388,5.01792,0.00471,0.77655,-0,0.65432,0
golang-0,1251,1168,238,2,10.15557,4.03844,0.01441,0.77360,-0,0.08875,0
golang-1,1253,1164,236,2,10.14851,3.95807,0.02078,0.77824,-0,0.06584,0
golang-2,1253,1164,239,2,10.14851,3.97919,0.02078,0.76004,-0,0.04398,0
haskell-0,2199,2105,835,2,11.01424,6.33997,0.01274,0.33775,-0,0.75736,0
haskell-1,1976,1921,817,2,10.89232,6.49673,0.00811,0.33345,-0,0.24447,0
haskell-2,1976,1921,818,2,10.89232,6.50455,0.00811,0.33490,-0,0.24580,0
hello-world-init,873,398,56,2,8.49352,1.34730,0.06258,0.85405,-0,0.19241,0
hylang-0,1309,1223,392,2,10.22227,4.55463,0.01989,0.36589,-0,0.03274,0
hylang-1,1324,1237,397,2,10.23870,4.55427,0.01362,0.36442,-0,0.03572,0
hylang-2,1334,1237,400,2,10.23329,4.56268,0.02009,0.37808,-0,0.03572,0
java-0,1561,1512,524,2,10.54371,5.42923,0.00770,0.36316,-0,0.22956,0
java-1,1423,1381,512,2,10.41516,5.65710,0.00563,0.36606,-0,0.27364,0
java-2,1411,1369,510,2,10.40244,5.62692,0.00568,0.37102,-0,0.27364,0
jenkins-0,3744,3532,949,2,11.74848,5.23511,0.01470,0.43083,-0,0.34740,0
jenkins-1,3456,3351,867,2,11.69286,5.08956,0.00833,0.37551,-0,0.41281,0
jenkins-2,3431,3339,852,2,11.68951,4.99950,0.00780,0.36724,-0,0.39607,0
jetty-0,1933,1860,705,2,10.83884,6.19839,0.00829,0.40025,-0,0.11172,0
jetty-1,1833,1781,715,2,10.78284,6.40195,0.00655,0.38661,-0,0.12716,0
jetty-2,1858,1783,713,2,10.77758,6.35000,0.01078,0.40867,-0,0.12468,0
jruby-0,2878,2674,827,2,11.32256,5.86167,0.02278,0.53437,-0,0.97970,0
jruby-1,2268,2219,774,2,11.10366,6.21588,0.00706,0.46520,-0,0.02323,0
jruby-2,2302,2243,772,2,11.11708,6.15610,0.00783,0.45291,-0,0.02199,0
mariadb-0,1046,948,380,2,9.82914,5.29532,0.02696,0.43549,-0,0.14016,0
mariadb-1,987,920,366,2,9.80024,5.22261,0.01208,0.40551,-0,0.12390,0
mariadb-2,942,896,351,2,9.77050,5.24379,0.00984,0.37962,-0,0.06302,0
mysql-0,1000,915,384,2,9.79303,5.53443,0.01403,0.32629,-0,-0,0
mysql-1,950,864,352,2,9.70403,5.13435,0.02110,0.35027,-0,0.09076,0
mysql-2,928,849,360,2,9.68475,5.32257,0.01512,0.32640,-0,-0,0
percona-0,1062,974,403,2,9.88425,5.52321,0.01698,0.31783,-0,-0,0
percona-1,925,868,362,2,9.72790,5.21390,0.01733,0.32307,-0,-0,0
percona-2,925,868,358,2,9.72790,5.20606,0.01950,0.32307,-0,-0,0
percona-init,934,485,66,2,8.76244,1.64126,0.05675,0.76568,-0,0.58338,0
php-zendserver-0,3577,3292,1167,2,11.63068,6.22378,0.01975,0.42648,-0,0.75939,0
php-zendserver-1,3706,3487,1232,2,11.72926,6.04611,0.01880,0.42952,-0,0.04815,0
php-zendserver-2,3253,3066,1147,2,11.54513,6.28707,0.01497,0.41033,-0,0.05154,0
postgres-0,2170,1989,618,2,10.91320,6.06110,0.01234,0.25815,-0,0.01550,0
postgres-1,2131,1960,626,2,10.89513,6.13459,0.01257,0.27208,-0,0.01614,0
postgres-2,2150,1963,629,2,10.89414,6.12496,0.01432,0.27769,-0,0.01602,0
pypy-0,1145,1087,441,2,10.05742,5.25006,0.01225,0.24067,-0,-0,0
pypy-1,1090,1038,441,2,9.99217,5.43153,0.01287,0.24055,-0,-0,0
pypy-2,1103,1038,441,2,9.98662,5.38855,0.01885,0.25508,-0,-0,0
r-base-0,1007,956,285,2,9.87381,4.02965,0.00995,0.34300,-0,-0,0
r-base-1,1047,994,283,2,9.93008,3.90477,0.01340,0.35504,-0,-0,0
r-base-2,1013,962,283,2,9.88298,3.98504,0.01385,0.35406,-0,-0,0
rabbitmq-0,1488,1354,443,2,10.35299,5.70214,0.02557,0.37718,-0,0.72173,0
rabbitmq-1,1312,1226,416,2,10.22588,5.70603,0.02290,0.35141,-0,0.17696,0
rabbitmq-2,1307,1220,421,2,10.21776,5.85084,0.02299,0.34881,-0,0.16152,0
rails-0,8038,7737,1219,2,12.88696,4.64127,0.01475,0.83624,-0,0.18140,0
rails-1,7814,7554,1178,2,12.85026,4.66731,0.01058,0.84989,-0,0.21038,0
rails-2,7787,7527,1193,2,12.84572,4.70012,0.01087,0.85099,-0,0.21013,0
registry-0,2195,2002,783,2,10.92182,5.73600,0.03318,0.38192,-0,0.02724,0
registry-1,2251,2084,814,2,10.98675,5.86026,0.02846,0.33521,-0,-0,0
registry-2,2274,2107,732,2,11.00293,5.50114,0.02729,0.49225,-0,0.01359,0
sonarqube-0,8626,8304,2061,2,12.97859,6.82616,0.01623,0.83985,-0,0.57447,0
sonarqube-1,8502,8292,2001,2,12.99652,6.79547,0.01192,0.83418,-0,0.49085,0
sonarqube-2,8477,8268,1979,2,12.98258,6.78759,0.01174,0.82415,-0,0.61630,0
tomcat-0,2281,2218,868,2,11.09933,6.62697,0.00702,0.41263,-0,0.05612,0
tomcat-1,2184,2126,888,2,11.03826,6.82949,0.00768,0.41739,-0,0.09855,0
tomcat-2,2294,2208,896,2,11.08736,6.65787,0.01167,0.42076,-0,0.08455,0
log106_Messaging,5702,2805,2714,2,8.29455,8.47661,0.96696,0.83974,-0,0.91830,0
log111_email,2906,1893,1387,2,10.12705,8.41311,0.27309,0.50527,-0,1.28651,0
log121_Movie,4781,4699,307,2,12.17499,3.69236,0.00733,1.43692,-0,0.75912,0
log125_copyHtoD,9278,4897,3346,2,10.84760,8.70162,0.56219,0.88710,-0,0.70016,0
log126_copyDtoH,79065,77723,2589,2,16.22689,3.20740,0.00787,1.44972,-0,1.49566,0
log131_music,6913,4711,3194,2,11.00823,9.21844,0.33232,0.45434,-0,0.22992,0
log132_radio,5820,4122,3641,2,10.88723,10.16045,0.25875,0.15441,-0,0.65002,0
log136_idle,6932,4558,4102,2,11.06920,10.12943,0.23016,0.30086,-0,1.12426,0
log146_callIn,1491,1028,910,2,9.20178,8.47089,0.23270,0.28322,-0,-0,0
log147_callout,1569,1018,914,2,9.05955,8.39818,0.27578,0.26908,-0,-0,0
log152_YouTube,2080,1740,996,2,10.24388,7.29677,0.03958,0.52754,-0,-0,0
log156_download,11670,5643,5592,2,7.80886,8.78885,1.33342,1.24628,-0,0.84036,0
log161_cameraVideo,9348,7824,3480,2,12.67052,8.79990,0.09243,0.83757,-0,2.24158,0
log166_webBrowsing,4090,2829,2507,2,10.59041,9.78629,0.21987,0.23742,-0,0.64364,0
log171_angrybird,3215,2377,1820,2,10.40126,9.09665,0.20949,0.35903,-0,0.50326,0
log176_Booting,18417,14787,8439,2,12.99158,10.01282,0.22296,0.53380,-0,1.00815,0
log181_Installing,17952,9051,8958,2,10.01744,10.36117,0.94406,0.71654,-0,0.21119,0
log186_twitter,13807,6503,6143,2,8.73491,9.08111,1.24243,0.85817,3.78657,1.68824,0
log191_facebook,3897,2563,1995,2,10.10805,8.97228,0.36655,0.43040,-0,1.50886,0
log196_Amazon,3173,2120,1783,2,9.85775,9.16354,0.33800,0.31032,-0,0.81128,0
log201_GoogleMap,12603,7212,6342,2,10.76182,10.02282,0.60675,0.49573,2.57709,1.62024,0
log202_GoogleMap,6266,3494,3061,2,9.53384,9.16079,0.67330,0.46979,1.32260,0.86262,0
log220_MusicWebBrowse,13204,8133,7040,2,11.68231,10.54535,0.39577,0.34348,-0,1.54693,0
log225_MusicFaceBook,35136,13881,12351,2,9.32486,9.12190,1.22736,1.05734,-0,1.23820,0
log225_MusicTwitter,30057,11056,10753,2,8.60692,8.78178,1.23002,0.96169,2.78990,0.93895,0
log230_MusicMessage,16504,7617,7835,2,9.47583,9.94149,1.16291,0.69968,-0,0.33729,0
log235_RadioFaceBook,10495,4964,4640,2,9.34001,9.35221,0.92858,0.68459,-0,1.67379,0
log240_RadioMessage,11101,5608,5530,2,9.01970,9.44094,1.03401,0.87235,-0,-0,0
log245_MusicFaceBook,35136,13881,12351,2,9.32486,9.12190,1.22736,1.05734,-0,1.23820,0
log250_RadioWebBrowse,11997,8580,6570,2,12.14198,10.38918,0.21563,0.35482,-0,2.01569,0
log260_FaceBookHandOuts,15601,7171,6138,2,9.33564,9.07483,1.09428,0.93873,-0,2.34623,0
748,159688,65595,59446,2,14.25638,11.18945,0.65135,0.99238,-0,0.06247,0
749,33754,13847,15315,2,11.02345,10.47527,0.87345,0.64489,-0,0.24745,0
750,76374,17945,23188,2,9.67913,9.39792,1.13930,1.29295,-0,-0,0
751,50302,8597,8522,2,6.72100,8.23474,2.16036,1.58837,-0,0.37802,0
752,38111,25692,622,2,14.51353,1.99977,0.01423,0.21498,-0,-0,0
753,69784,21530,27778,2,10.87683,11.34476,1.30059,0.64043,-0,-0,0
754,35446,13724,15432,2,9.77819,10.46605,0.96178,0.82146,-0,-0,0
755,40463,16979,18084,2,11.10931,10.45334,0.87785,0.69128,-0,0.07798,0
756,22626,9391,10831,2,9.36517,11.19889,1.70446,0.57710,-0,-0,0
757,36789,13730,14522,2,9.72368,10.21262,1.02671,0.87144,-0,-0,0
758,63054,30223,36343,2,12.43523,11.63265,0.60362,0.25485,-0,0.52256,0
759,52235,35614,14250,2,14.09188,6.92383,0.39179,1.65186,-0,-0,0
760,69306,21093,26113,2,10.73098,11.02225,1.27605,0.72793,-0,0.12068,0
761,379717,75003,126697,2,12.02278,13.00056,1.46871,1.15921,-0,0.98549,0
762,17107,10590,7077,2,11.19294,8.96433,0.87926,1.11916,-0,0.04770,0
763,278175,47796,112440,2,11.08923,13.97789,1.66265,0.71131,5.89406,1.69107,0
764,39879,19729,19205,2,12.04803,11.24944,0.73441,0.84792,-0,-0,0
765,492389,49884,114766,2,12.57350,9.65935,0.89341,0.76204,-0,0.00136,0
766,59322,40226,5878,2,15.07013,3.16946,0.05108,0.98287,-0,0.55334,0
767,21291,11358,13114,2,9.31695,10.72946,1.05077,0.11849,-0,-0,0
768,515408,244297,113372,2,16.69677,8.42570,0.35555,0.62758,-0,0.00274,0
769,180889,29854,46187,2,9.61546,11.86222,1.76989,1.03215,-0,0.59867,0
770,75603,36817,36768,2,12.28070,11.40932,1.05003,0.47738,-0,-0,0
771,332642,81992,82817,2,14.05368,10.42445,0.88966,1.86543,9.47906,1.57301,0
772,7697,4007,4561,2,10.05460,10.09825,0.44767,0.36715,-0,0.38095,0
773,469569,68153,151802,2,11.61532,13.72074,1.53322,0.80851,4.81575,0.53262,0
774,63376,28766,32697,2,13.18202,10.45622,0.25687,0.88024,-0,-0,0
775,432342,109665,90668,2,14.64043,9.50165,0.86213,2.18453,8.20614,1.12478,0
776,34934,14655,17343,2,10.33012,11.25926,1.10342,0.79281,-0,-0,0
777,12574,6454,4318,2,11.95518,7.40948,0.25604,0.87749,-0,0.37082,0
778,35778,13168,15228,2,9.63108,10.50501,0.96221,0.75192,-0,-0,0
779,493860,280029,117831,2,17.03703,8.28791,0.26176,0.50643,-0,0.01631,0
780,76297,28414,40317,2,11.71282,12.60969,0.99674,0.66427,-0,0.11835,0
781,59243,24814,29758,2,11.38277,11.36641,0.86269,0.57581,-0,0.16423,0
782,59295,20271,27155,2,11.84022,11.92341,0.93135,0.46150,-0,-0,0
783,316596,57510,81913,2,10.94004,11.31052,1.82777,1.56483,-0,0.02996,0
784,24526,10080,10923,2,10.47948,9.95682,0.76065,0.50277,-0,0.26678,0
785,24023,9562,10292,2,10.25997,9.78208,0.82965,0.72775,-0,0.13614,0
786,35989,13467,15843,2,9.66714,10.39182,0.95706,0.74791,-0,1,0
787,476923,91754,152945,2,13.50622,11.63388,1.14975,1.56428,12.23314,0.96411,0
788,28892,8625,15898,2,8.61444,11.26946,1.33860,1.23702,-0,0.22228,0
789,30399,9682,8187,2,11.50537,7.57355,0.95831,1.56814,-0,0.11397,0
790,510308,257551,120101,2,16.88227,7.83850,0.30079,0.50379,-0,0.00243,0
791,391262,209131,113270,2,16.41005,9.16943,0.31478,0.47684,-0,0.02234,0
792,37405,13481,15275,2,9.51233,10.23728,0.97033,0.78562,-0,0.07702,0
793,7232,4388,3978,2,9.71444,9.01599,0.29073,0.53814,-0,-0,0
794,534210,57888,124544,2,11.60101,12.36538,1.61721,1.33558,-0,0.14327,0
795,506680,53912,160273,2,11.14251,14.26536,1.73279,0.85798,2.82682,0.90341,0
796,35037,12638,14121,2,9.64227,10.24087,0.99137,0.72464,-0,-0,0
797,35417,13433,15389,2,9.79937,10.46566,1.00232,0.75305,-0,-0,0
798,361676,65664,134009,2,15.34274,11.44694,0.43911,2.53532,-0,0.16004,0
799,23507,9660,10473,2,10.39495,9.96719,0.82548,0.58086,-0,0.14178,0
800,271425,69919,97935,2,13.20240,11.87577,0.80316,0.74453,-0,0.01847,0
801,125173,49429,76135,2,12.81234,14.02919,0.75724,0.41212,-0,-0,0
802,50165,20979,23740,2,11.60694,10.74835,0.77062,0.62510,-0,0.10959,0
803,57259,21775,24469,2,11.38791,10.38069,0.84663,0.77597,-0,0.23034,0
804,33700,13650,15515,2,10.03939,10.80477,0.95524,0.77435,-0,-0,0
805,1233,1204,74,2,10.22092,1.36752,0.00975,1.07391,-0,0.04017,0
806,14290,8836,7625,2,11.37305,10.06777,0.48056,0.62512,-0,-0,0
807,50819,11399,17022,2,11.29567,9.56874,0.82200,1.20786,-0,0.05562,0
808,26276,13755,11419,2,9.96339,9.13102,1.47422,0.84427,-0,0.44678,0
809,582433,239202,121782,2,17.29983,7.97000,0.21218,1.90627,-0,0.15963,0
810,918025,772362,298386,2,19.33615,7.60531,0.08225,2.40992,-0,0.00671,0
811,302663,14760,34885,2,10.09516,9.02324,1.75804,1.77665,11.09872,1.00753,0
812,43425,15110,16458,2,10.52452,9.82310,0.97929,0.83327,-0,0.19521,0
813,40514,14681,16026,2,10.53705,9.98200,0.97235,0.78735,-0,0.17001,0
814,29652,21468,6060,2,12.30794,6.54017,0.79037,1.30693,-0,0.32008,0
815,466027,65624,126626,2,11.73750,12.97943,1.52350,1.16170,-0,0.64379,0
816,244606,243535,56693,2,17.88922,6.48320,0.00001,1.62026,9.84235,1.03045,0
817,213737,53013,63511,2,13.27030,10.44774,0.61108,0.55727,-0,0.01447,0
818,56432,20335,21276,2,10.51010,9.95841,0.94363,0.71993,-0,0.10543,0
819,168889,25669,53437,2,10.23061,11.79162,1.41947,1.00287,-0,0.64893,0
820,81034,32336,33322,2,11.14315,10.88485,0.96601,0.57245,-0,0.04345,0
821,7728,3661,4014,2,9.61530,9.60631,0.61464,0.31003,-0,-0,0
822,491714,60805,120690,2,11.75890,12.69119,1.54621,1.21987,-0,0.09352,0
823,1591971,939925,415060,2,18.47838,11.05013,0.37283,0.88056,6.57945,1.19212,0
824,67480,23687,33994,2,11.33109,12.24302,1.09228,0.72016,-0,0.08249,0
825,35309,16264,18134,2,10.82298,11.29017,0.92438,0.68537,-0,-0,0
826,111993,44606,67896,2,12.86153,14.08877,0.58583,0.44740,-0,0.91830,0
827,48505,31649,12418,2,13.55519,6.80238,0.52058,1.61883,-0,0.53636,0
828,41768,20028,19213,2,11.84858,10.99583,0.94078,0.86844,-0,-0,0
829,120152,47599,66457,2,12.77895,13.01538,0.71350,0.45531,-0,0.59167,0
830,7569,3273,3835,2,9.37055,9.71418,0.62083,0.67202,-0,-0,0
831,286372,46733,98486,2,10.94693,13.24249,1.76900,0.80265,4.92514,0.70678,0
832,493080,67448,122381,2,12.10414,12.71178,1.45032,1.23109,-0,0.33686,0
833,8719,3619,6143,2,9.61513,11.46209,0.55600,0.34500,-0,-0,0
834,380618,114926,102172,2,14.69344,10.23126,0.80269,1.83912,9.53299,1.32180,0
835,12931,6922,5653,2,10.09550,8.86896,1.09938,1.01156,-0,1.06662,0
836,34726,16474,17426,2,10.92204,11.28242,0.86593,0.76330,-0,-0,0
837,22636,9268,9708,2,10.28911,9.88065,0.86143,0.66675,-0,0.13514,0
838,467020,19366,93675,2,9.66932,11.83149,1.75149,1.18958,-0,0.11315,0
839,79648,34924,16522,2,11.65417,7.85521,1.25643,1.62232,-0,0.10634,0
840,59224,21224,21906,2,10.48092,10.08749,0.99439,0.74823,-0,0.08000,0
841,82373,26262,33044,2,11.33959,10.99816,1.11601,1.07732,-0,-0,0
842,34334,15720,18387,2,10.72608,11.34161,0.90428,0.73995,-0,-0,0
843,36404,16209,18610,2,10.64594,11.23511,0.99185,0.85104,-0,-0,0
844,22486,10691,10886,2,11.10225,10.33671,0.66239,0.67985,-0,-0,0
845,398073,55004,136701,2,11.37441,13.56616,1.59904,0.86366,2.72882,1.38564,0
846,87172,10670,21194,2,6.92185,11.26082,2.65165,1.11666,-0,1.41527,0
847,58359,5245,13056,2,7.24650,9.42127,1.88507,1.28155,-0,0.76931,0
848,36450,13463,14183,2,9.57892,10.04853,0.97238,0.81871,-0,1,0
849,702325,110037,268977,2,13.31109,13.85592,1.23103,0.83591,4.64169,0.36284,0
850,61530,38803,21653,2,12.71480,8.05957,0.68436,1.44944,-0,0.00171,0
851,24420,9403,9965,2,10.17891,9.74201,0.88753,0.69413,-0,0.19206,0
852,33557,14650,17657,2,10.50865,11.31761,0.96036,0.82291,-0,-0,0
853,133036,15563,40660,2,8.80922,12.16399,2.27091,0.96911,-0,0.21442,0
854,36823,13434,15499,2,9.71015,10.40595,1.00974,0.80542,-0,-0,0
855,39329,9594,2593,2,12.77335,2.95217,0.16200,0.36657,-0,-0,0
856,468129,54848,153330,2,11.10766,14.37974,1.67890,0.79570,0.95268,1.11632,0
857,491012,57963,152916,2,11.76956,14.03223,1.50424,0.76832,2.70228,0.89762,0
2016021612-LUN0,2761269,2030800,1974432,3,20.28677,17.85154,0.02819,0.27678,14.41863,1.59489,0
2016021612-LUN1,1955881,1564861,1384821,3,19.97598,17.52317,0.02579,0.21875,11.88079,1.60774,0
2016021612-LUN2,3402545,2508737,2130145,3,19.77699,16.91788,0.17370,0.46327,16.39436,2.06519,0
2016021612-LUN3,2049798,1640449,1393555,3,19.94388,17.33298,0.04092,0.26676,12.89112,1.76932,0
2016021612-LUN4,2387992,1949933,1493432,3,20.44389,16.01790,0.02182,0.47649,13.40829,1.80692,0
2016021612-LUN6,1838833,1415777,1115106,3,19.66662,16.15639,0.05039,0.36161,13.58580,1.91007,0
2016021613-LUN0,1894391,1333954,1127217,3,19.53276,15.90911,0.05334,0.42761,15.01083,2.10998,0
2016021613-LUN1,2264352,1716007,1435574,3,20.03299,16.63212,0.03101,0.36026,13.44784,1.97984,0
2016021613-LUN2,4597053,3345254,3066984,3,20.22225,17.89184,0.18216,0.38099,15.67832,1.84431,0
2016021613-LUN3,2271397,1756923,1440755,3,20.05516,16.71264,0.03674,0.35248,14.34896,1.96912,0
2016021613-LUN4,2821937,2359610,1911113,3,20.72960,17.25670,0.02077,0.30039,14.32648,1.76139,0
2016021613-LUN6,2558541,2026018,1768875,3,20.36048,17.43289,0.02677,0.28157,14.14890,1.59248,0
2016021614-LUN0,867967,520290,475836,3,17.59522,15.13451,0.12488,0.36250,13.09184,2.32286,0
2016021614-LUN1,1128505,789524,732994,3,18.56286,16.59028,0.06254,0.22478,12.50558,2.30900,0
2016021614-LUN2,3871405,2988848,2725282,3,20.95828,17.95833,0.01821,0.30314,15.68832,2.29198,0
2016021614-LUN3,1289238,894740,804287,3,18.68852,16.47188,0.07747,0.25402,12.66063,1.97214,0
2016021614-LUN4,1580571,1105072,947121,3,19.21973,16.07114,0.05223,0.33605,12.19042,2.06230,0
2016021614-LUN6,1133570,763234,640233,3,18.46923,15.30633,0.08437,0.36838,14.02195,1.71864,0
2016021615-LUN0,1073405,389335,432170,3,14.79803,14.11517,0.36938,0.45164,12.52835,2.17042,0
2016021615-LUN1,534529,268214,296508,3,16.22402,14.90252,0.15958,0.33538,13.18277,1.61562,0
2016021615-LUN2,1898933,1137484,827874,3,17.53870,13.54337,0.25476,0.56184,17.23160,1.60994,0
2016021615-LUN3,821226,451156,410302,3,17.18862,14.64728,0.14831,0.42230,12.20050,1.97348,0
2016021615-LUN4,527385,283181,274838,3,16.48154,14.72923,0.15502,0.31329,11.51642,2.01109,0
2016021615-LUN6,1608802,991668,906765,3,18.89102,15.56144,0.07842,0.44057,13.31708,2.19045,0
2016021616-LUN0,744634,466111,385797,3,17.43137,14.53292,0.13034,0.38818,12.48887,1.76761,0
2016021616-LUN1,749806,369643,363159,3,16.34721,14.56586,0.19668,0.36908,11.12192,2.09336,0
2016021616-LUN2,1062359,755684,600257,3,18.48063,15.37609,0.07337,0.37395,12.80301,1.36980,0
2016021616-LUN3,759483,447908,376879,3,17.21197,14.65594,0.13858,0.36679,12.13791,1.85063,0
2016021616-LUN4,778778,512930,368211,3,17.76245,13.81212,0.10191,0.48445,11.95343,1.49172,0
2016021616-LUN6,949064,575601,478758,3,17.76536,14.54786,0.12394,0.43534,12.16637,2.00836,0
2016021617-LUN0,772707,480680,403026,3,17.43121,14.81699,0.13769,0.37144,12.87254,2.35239,0
2016021617-LUN1,441199,214462,223036,3,15.96550,14.21978,0.15807,0.32837,12.28366,1.74640,0
2016021617-LUN2,672580,397327,322359,3,17.04692,14.07379,0.12759,0.40893,13.28912,1.58364,0
2016021617-LUN3,781338,466346,390757,3,17.34971,14.72023,0.12768,0.36568,12.84450,2.25939,0
2016021617-LUN4,966916,662119,485114,3,18.36047,14.72377,0.08126,0.37311,12.98399,1.63360,0
2016021617-LUN6,1008519,550165,515653,3,17.68552,15.01596,0.13744,0.37733,12.40055,1.94950,0
2016021618-LUN0,1054308,667581,548704,3,18.09293,14.72711,0.10379,0.46094,13.05127,2.17375,0
2016021618-LUN1,605819,369754,286562,3,17.12574,13.39430,0.11027,0.48599,12.83867,1.79849,0
2016021618-LUN2,715298,460597,336023,3,17.42614,13.82613,0.10863,0.47386,13.20872,1.40446,0
2016021618-LUN3,983607,527348,428845,3,17.03138,14.00734,0.19510,0.48196,12.38539,1.53635,0
2016021618-LUN4,639558,393747,293232,3,17.30076,13.56624,0.11430,0.49069,11.26776,1.52014,0
2016021618-LUN6,824068,526649,380648,3,17.70390,13.77819,0.11103,0.50784,12.63716,1.71959,0
2016021619-LUN0,1430675,843483,780654,3,18.29482,15.47917,0.11358,0.40241,12.50980,2.19678,0
2016021619-LUN1,961085,674531,490571,3,18.36626,14.31127,0.06660,0.47414,12.63579,1.72366,0
2016021619-LUN2,1644153,1297285,873589,3,19.58358,14.68776,0.04306,0.54110,16.27760,1.57728,0
2016021619-LUN3,1133348,807190,560950,3,18.60536,14.45942,0.07701,0.48009,12.69636,1.81819,0
2016021619-LUN4,805270,586463,355945,3,18.19334,13.22182,0.07489,0.53610,12.49524,1.42116,0
2016021619-LUN6,948330,665632,471413,3,18.22004,14.23132,0.09000,0.47248,12.37212,1.37595,0
2016021620-LUN0,1124327,728363,600972,3,18.33937,14.77787,0.09238,0.44439,13.41678,1.62505,0
2016021620-LUN1,653388,413874,324989,3,17.29880,14.28504,0.11097,0.39128,12.06640,1.99629,0
2016021620-LUN2,1147164,860072,579732,3,18.75482,14.42775,0.06767,0.47783,14.00091,1.53878,0
2016021620-LUN3,1252039,687898,556177,3,18.38842,14.44789,0.10227,0.44897,12.35825,1.86672,0
2016021620-LUN4,1322094,1062252,571227,3,19.42961,12.72792,0.03964,0.56461,12.00245,1.29890,0
2016021620-LUN6,944526,681666,424774,3,18.35301,13.30579,0.07886,0.55172,12.70675,1.20691,0
2016021707-LUN0,15118,14145,9333,3,13.66365,11.17618,0.00688,0.17696,7.70736,1.84235,0
2016021707-LUN1,15567,11542,8761,3,13.16536,10.21777,0.02633,0.35641,7.18882,0.86335,0
2016021707-LUN2,85842,83086,49263,3,16.28979,11.03264,0.00140,0.63368,12.80917,0.16014,0
2016021707-LUN3,6754,5771,4719,3,12.26571,11.15171,0.01584,0.07176,5.95420,1.55545,0
2016021707-LUN4,2227,1544,1691,3,10.21736,10.07349,0.03378,0.03531,2.58496,1.06128,0
2016021707-LUN6,10713,7249,6303,3,12.23869,10.81393,0.07040,0.23528,8.11271,0.62067,0
2016021708-LUN0,2464281,1918142,1701522,3,20.27900,17.53750,0.03350,0.29531,14.23690,1.94936,0
2016021708-LUN1,1457956,1043692,899765,3,19.11129,16.22835,0.05246,0.34497,12.61288,2.29549,0
2016021708-LUN3,2096251,1579781,1212220,3,19.82983,16.11311,0.05200,0.42290,15.93938,1.59890,0
2016021708-LUN4,1566986,1264739,899378,3,19.63620,15.48075,0.03469,0.46158,15.33114,1.48941,0
2016021708-LUN6,1772415,1381455,1023762,3,19.73483,15.46037,0.04161,0.45374,15.22576,1.45111,0
2016021709-LUN0,2558023,1987265,1760999,3,20.27196,17.50577,0.03200,0.30976,13.09760,1.82009,0
2016021709-LUN1,2351642,1688123,1569314,3,19.92742,17.03015,0.03576,0.37434,14.33378,1.95556,0
2016021709-LUN2,3169007,2024221,1827082,3,18.79030,16.68171,0.22197,0.43100,13.38754,1.74713,0
2016021709-LUN4,2551815,1922547,1857404,3,20.36744,17.89951,0.01650,0.29717,12.61894,1.82672,0
cassandra-0,3274,3057,1024,3,11.51728,6.50491,0.01392,0.28121,-0,0.98497,0
cassandra-1,2734,2669,994,3,11.36793,6.82630,0.00293,0.16180,-0,0.04494,0
cassandra-2,2731,2656,985,3,11.35689,6.78630,0.00220,0.16359,-0,0.02428,0
clojure-0,2807,2747,1025,3,11.41078,6.67781,0.00285,0.18507,-0,0.44976,0
clojure-1,2793,2734,1021,3,11.40464,6.68396,0.00287,0.17225,-0,0.45291,0
clojure-2,2793,2734,1018,3,11.40464,6.67571,0.00287,0.17161,-0,0.45165,0
crate-0,3447,3397,1206,3,11.72063,7.39434,0.00290,0.12236,-0,-0,0
crate-1,3420,3370,1175,3,11.70974,7.29757,0.00234,0.12613,-0,-0,0
crate-2,3402,3342,1177,3,11.69608,7.33460,0.00294,0.12560,-0,-0,0
crate-init,537,471,60,3,8.76286,1.95623,0.04563,0.72910,-0,0.81247,0
django-0,1548,1443,484,3,10.45691,4.79995,0.01294,0.27396,-0,-0,0
django-1,1387,1293,472,3,10.30166,5.00681,0.01445,0.26177,-0,-0,0
django-2,1387,1293,474,3,10.30166,5.01114,0.01445,0.26177,-0,-0,0
drupal-0,1140,1089,379,3,10.06468,4.75079,0.00704,0.28441,-0,-0,0
drupal-1,1220,1169,388,3,10.16844,4.63346,0.00657,0.29311,-0,-0,0
drupal-2,1105,1055,375,3,10.01865,4.81211,0.00726,0.27248,-0,-0,0
elasticsearch-0,2990,2923,1055,3,11.49940,7.07088,0.00268,0.13927,-0,0.05129,0
elasticsearch-1,2970,2918,1059,3,11.50030,7.09293,0.00135,0.13229,-0,0.05154,0
elasticsearch-2,2924,2886,1053,3,11.48705,7.14484,0.00068,0.13449,-0,0.05518,0
gcc-0,934,895,331,3,9.78296,4.72047,0.00430,0.23707,-0,-0,0
gcc-1,942,899,327,3,9.78749,4.68975,0.00639,0.23951,-0,-0,0
gcc-2,942,899,329,3,9.78749,4.69480,0.00639,0.23951,-0,-0,0
ghost-0,4116,3790,1562,3,11.84719,6.65342,0.01799,0.26355,-0,-0,0
ghost-1,4091,3765,1545,3,11.83837,6.64212,0.01810,0.25489,-0,-0,0
ghost-2,4120,3766,1561,3,11.83573,6.64802,0.01895,0.25606,-0,-0,0
ghost-init,925,459,61,3,8.69655,1.58213,0.05847,0.77815,-0,0.53686,0
glassfish-0,7403,7219,1581,3,12.80150,4.99976,0.00253,0.36796,-0,0.58740,0
glassfish-1,7249,7108,1558,3,12.78368,4.96175,0.00193,0.34963,-0,0.60002,0
glassfish-2,7221,7100,1564,3,12.78388,5.01792,0.00277,0.36290,-0,0.61386,0
golang-0,1251,1168,238,3,10.15557,4.03844,0.00962,0.41404,-0,-0,0
golang-1,1253,1164,236,3,10.14851,3.95807,0.01280,0.43705,-0,-0,0
golang-2,1253,1164,239,3,10.14851,3.97919,0.01280,0.43081,-0,-0,0
haskell-0,2199,2105,835,3,11.01424,6.33997,0.00455,0.22653,-0,0.74791,0
haskell-1,1976,1921,817,3,10.89232,6.49673,0.00304,0.21120,-0,0.22185,0
haskell-2,1976,1921,818,3,10.89232,6.50455,0.00304,0.21613,-0,0.22359,0
hello-world-init,873,398,56,3,8.49352,1.34730,0.06265,0.83751,-0,0.19591,0
hylang-0,1309,1223,392,3,10.22227,4.55463,0.01225,0.29216,-0,0.01920,0
hylang-1,1324,1237,397,3,10.23870,4.55427,0.00908,0.28297,-0,-0,0
hylang-2,1334,1237,400,3,10.23329,4.56268,0.01052,0.28927,-0,-0,0
java-0,1561,1512,524,3,10.54371,5.42923,0.00385,0.24159,-0,0.20160,0
java-1,1423,1381,512,3,10.41516,5.65710,0.00423,0.23390,-0,0.24229,0
java-2,1411,1369,510,3,10.40244,5.62692,0.00426,0.23589,-0,0.24229,0
jenkins-0,3744,3532,949,3,11.74848,5.23511,0.00842,0.22218,-0,0.31760,0
jenkins-1,3456,3351,867,3,11.69286,5.08956,0.00463,0.18295,-0,0.35958,0
jenkins-2,3431,3339,852,3,11.68951,4.99950,0.00467,0.18070,-0,0.34445,0
jetty-0,1933,1860,705,3,10.83884,6.19839,0.00518,0.22729,-0,0.04248,0
jetty-1,1833,1781,715,3,10.78284,6.40195,0.00328,0.20057,-0,0.04860,0
jetty-2,1858,1783,713,3,10.77758,6.35000,0.00647,0.21533,-0,0.04784,0
jruby-0,2878,2674,827,3,11.32256,5.86167,0.01444,0.31534,-0,0.95146,0
jruby-1,2268,2219,774,3,11.10366,6.21588,0.00265,0.18489,-0,-0,0
jruby-2,2302,2243,772,3,11.11708,6.15610,0.00348,0.18345,-0,-0,0
mariadb-0,1046,948,380,3,9.82914,5.29532,0.01524,0.28395,-0,0.09948,0
mariadb-1,987,920,366,3,9.80024,5.22261,0.00773,0.26439,-0,0.07949,0
mariadb-2,942,896,351,3,9.77050,5.24379,0.00213,0.23559,-0,-0,0
mysql-0,1000,915,384,3,9.79303,5.53443,0.00602,0.21943,-0,-0,0
mysql-1,950,864,352,3,9.70403,5.13435,0.00845,0.25447,-0,-0,0
mysql-2,928,849,360,3,9.68475,5.32257,0.00649,0.23651,-0,-0,0
percona-0,1062,974,403,3,9.88425,5.52321,0.00944,0.22380,-0,-0,0
percona-1,925,868,362,3,9.72790,5.21390,0.00651,0.23417,-0,-0,0
percona-2,925,868,358,3,9.72790,5.20606,0.00651,0.23417,-0,-0,0
percona-init,934,485,66,3,8.76244,1.64126,0.05252,0.75256,-0,0.60753,0
php-zendserver-0,3577,3292,1167,3,11.63068,6.22378,0.01011,0.29094,-0,0.75115,0
php-zendserver-1,3706,3487,1232,3,11.72926,6.04611,0.00753,0.29406,-0,0.03359,0
php-zendserver-2,3253,3066,1147,3,11.54513,6.28707,0.00788,0.27468,-0,0.03257,0
postgres-0,2170,1989,618,3,10.91320,6.06110,0.01015,0.15586,-0,-0,0
postgres-1,2131,1960,626,3,10.89513,6.13459,0.01034,0.15889,-0,-0,0
postgres-2,2150,1963,629,3,10.89414,6.12496,0.01118,0.16420,-0,-0,0
pypy-0,1145,1087,441,3,10.05742,5.25006,0.00701,0.21158,-0,-0,0
pypy-1,1090,1038,441,3,9.99217,5.43153,0.00736,0.19945,-0,-0,0
pypy-2,1103,1038,441,3,9.98662,5.38855,0.00909,0.21112,-0,-0,0
r-base-0,1007,956,285,3,9.87381,4.02965,0.00199,0.28566,-0,-0,0
r-base-1,1047,994,283,3,9.93008,3.90477,0.00383,0.29250,-0,-0,0
r-base-2,1013,962,283,3,9.88298,3.98504,0.00396,0.28960,-0,-0,0
rabbitmq-0,1488,1354,443,3,10.35299,5.70214,0.01751,0.25401,-0,0.65544,0
rabbitmq-1,1312,1226,416,3,10.22588,5.70603,0.01528,0.21678,-0,0.07183,0
rabbitmq-2,1307,1220,421,3,10.21776,5.85084,0.01534,0.22783,-0,0.07647,0
rails-0,8038,7737,1219,3,12.88696,4.64127,0.00873,0.50202,-0,0.10216,0
rails-1,7814,7554,1178,3,12.85026,4.66731,0.00674,0.52435,-0,0.12825,0
rails-2,7787,7527,1193,3,12.84572,4.70012,0.00650,0.52322,-0,0.12724,0
registry-0,2195,2002,783,3,10.92182,5.73600,0.01825,0.26972,-0,-0,0
registry-1,2251,2084,814,3,10.98675,5.86026,0.01246,0.24164,-0,-0,0
registry-2,2274,2107,732,3,11.00293,5.50114,0.01233,0.29500,-0,-0,0
sonarqube-0,8626,8304,2061,3,12.97859,6.82616,0.00731,0.26374,-0,0.52906,0
sonarqube-1,8502,8292,2001,3,12.99652,6.79547,0.00432,0.25454,-0,0.43751,0
sonarqube-2,8477,8268,1979,3,12.98258,6.78759,0.00389,0.24820,-0,0.56722,0
tomcat-0,2281,2218,868,3,11.09933,6.62697,0.00351,0.17184,-0,-0,0
tomcat-1,2184,2126,888,3,11.03826,6.82949,0.00493,0.17698,-0,0.04950,0
tomcat-2,2294,2208,896,3,11.08736,6.65787,0.00819,0.18781,-0,0.04216,0
log106_Messaging,5702,2805,2714,3,8.29455,8.47661,0.68526,0.36785,-0,-0,0
log111_email,2906,1893,1387,3,10.12705,8.41311,0.12986,0.15092,-0,0.92621,0
log121_Movie,4781,4699,307,3,12.17499,3.69236,0.00508,0.80586,-0,0.50837,0
log125_copyHtoD,9278,4897,3346,3,10.84760,8.70162,0.26835,0.36973,-0,0.28641,0
log126_copyDtoH,79065,77723,2589,3,16.22689,3.20740,0.00433,1.07292,-0,1.34167,0
log131_music,6913,4711,3194,3,11.00823,9.21844,0.22351,0.25855,-0,0.07682,0
log132_radio,5820,4122,3641,3,10.88723,10.16045,0.11698,0.04204,-0,-0,0
log136_idle,6932,4558,4102,3,11.06920,10.12943,0.13581,0.08517,-0,0.98523,0
log146_callIn,1491,1028,910,3,9.20178,8.47089,0.15300,0.07327,-0,-0,0
log147_callout,1569,1018,914,3,9.05955,8.39818,0.16766,0.10170,-0,-0,0
log152_YouTube,2080,1740,996,3,10.24388,7.29677,0.02251,0.41440,-0,-0,0
log156_download,11670,5643,5592,3,7.80886,8.78885,1.21177,0.61618,-0,0.67229,0
log161_cameraVideo,9348,7824,3480,3,12.67052,8.79990,0.04726,0.25742,-0,1.89194,0
log166_webBrowsing,4090,2829,2507,3,10.59041,9.78629,0.11401,0.11394,-0,0.71206,0
log171_angrybird,3215,2377,1820,3,10.40126,9.09665,0.13197,0.12439,-0,0.40218,0
log176_Booting,18417,14787,8439,3,12.99158,10.01282,0.12998,0.27370,-0,0.79939,0
log181_Installing,17952,9051,8958,3,10.01744,10.36117,0.63698,0.35929,-0,-0,0
log186_twitter,13807,6503,6143,3,8.73491,9.08111,0.77154,0.60623,2.12809,1.35781,0
log191_facebook,3897,2563,1995,3,10.10805,8.97228,0.22519,0.15970,-0,0.77935,0
log196_Amazon,3173,2120,1783,3,9.85775,9.16354,0.22082,0.12230,-0,-0,0
log201_GoogleMap,12603,7212,6342,3,10.76182,10.02282,0.37692,0.16503,2.41214,1.16280,0
log202_GoogleMap,6266,3494,3061,3,9.53384,9.16079,0.38793,0.35192,1.20691,0.73453,0
log220_MusicWebBrowse,13204,8133,7040,3,11.68231,10.54535,0.16150,0.11546,-0,1.17830,0
log225_MusicFaceBook,35136,13881,12351,3,9.32486,9.12190,0.90995,0.78715,-0,0.46049,0
log225_MusicTwitter,30057,11056,10753,3,8.60692,8.78178,0.88892,0.81723,1,0.17846,0
log230_MusicMessage,16504,7617,7835,3,9.47583,9.94149,0.63699,0.31211,-0,0.24988,0
log235_RadioFaceBook,10495,4964,4640,3,9.34001,9.35221,0.59307,0.37250,-0,-0,0
log240_RadioMessage,11101,5608,5530,3,9.01970,9.44094,0.75223,0.33657,-0,-0,0
log245_MusicFaceBook,35136,13881,12351,3,9.32486,9.12190,0.90995,0.78715,-0,0.46049,0
log250_RadioWebBrowse,11997,8580,6570,3,12.14198,10.38918,0.09945,0.09884,-0,1.39684,0
log260_FaceBookHandOuts,15601,7171,6138,3,9.33564,9.07483,0.76148,0.59362,-0,1.44115,0
748,159688,65595,59446,3,14.25638,11.18945,0.22693,0.35961,-0,0.03398,0
749,33754,13847,15315,3,11.02345,10.47527,0.36509,0.24128,-0,-0,0
750,76374,17945,23188,3,9.67913,9.39792,0.79108,0.68896,-0,-0,0
751,50302,8597,8522,3,6.72100,8.23474,1.54719,1.04737,-0,0.06071,0
752,38111,25692,622,3,14.51353,1.99977,0.00782,0.19562,-0,-0,0
753,69784,21530,27778,3,10.87683,11.34476,0.55513,0.35127,-0,-0,0
754,35446,13724,15432,3,9.77819,10.46605,0.70253,0.54183,-0,-0,0
755,40463,16979,18084,3,11.10931,10.45334,0.44300,0.30622,-0,-0,0
756,22626,9391,10831,3,9.36517,11.19889,0.46786,0.24106,-0,-0,0
757,36789,13730,14522,3,9.72368,10.21262,0.72168,0.54877,-0,-0,0
758,63054,30223,36343,3,12.43523,11.63265,0.12925,0.10619,-0,-0,0
759,52235,35614,14250,3,14.09188,6.92383,0.19028,1.21988,-0,-0,0
760,69306,21093,26113,3,10.73098,11.02225,0.60812,0.40035,-0,-0,0
761,379717,75003,126697,3,12.02278,13.00056,0.56342,0.45847,-0,0.57974,0
762,17107,10590,7077,3,11.19294,8.96433,0.20101,0.41599,-0,-0,0
763,278175,47796,112440,3,11.08923,13.97789,0.56538,0.31590,5.17891,1.60736,0
764,39879,19729,19205,3,12.04803,11.24944,0.40908,0.11668,-0,-0,0
765,492389,49884,114766,3,12.57350,9.65935,0.40614,0.50230,-0,-0,0
766,59322,40226,5878,3,15.07013,3.16946,0.03971,0.84853,-0,0.48246,0
767,21291,11358,13114,3,9.31695,10.72946,0.09358,0.04820,-0,-0,0
768,515408,244297,113372,3,16.69677,8.42570,0.21280,0.38816,-0,0.00028,0
769,180889,29854,46187,3,9.61546,11.86222,0.91706,0.56407,-0,0.25700,0
770,75603,36817,36768,3,12.28070,11.40932,0.43974,0.23869,-0,-0,0
771,332642,81992,82817,3,14.05368,10.42445,0.46144,0.86847,7.63947,1.06281,0
772,7697,4007,4561,3,10.05460,10.09825,0.15924,0.11718,-0,-0,0
773,469569,68153,151802,3,11.61532,13.72074,0.60816,0.37320,4.59518,0.43657,0
774,63376,28766,32697,3,13.18202,10.45622,0.02185,0.31493,-0,-0,0
775,432342,109665,90668,3,14.64043,9.50165,0.44563,1.10567,7.10397,0.76478,0
776,34934,14655,17343,3,10.33012,11.25926,0.76461,0.56199,-0,-0,0
777,12574,6454,4318,3,11.95518,7.40948,0.13455,0.58853,-0,0.29834,0
778,35778,13168,15228,3,9.63108,10.50501,0.71135,0.56624,-0,-0,0
779,493860,280029,117831,3,17.03703,8.28791,0.14367,0.36180,-0,-0,0
780,76297,28414,40317,3,11.71282,12.60969,0.48730,0.26664,-0,0.08493,0
781,59243,24814,29758,3,11.38277,11.36641,0.40774,0.22139,-0,0.06121,0
782,59295,20271,27155,3,11.84022,11.92341,0.39599,0.15882,-0,-0,0
783,316596,57510,81913,3,10.94004,11.31052,0.81042,0.69827,-0,0.00252,0
784,24526,10080,10923,3,10.47948,9.95682,0.33570,0.27416,-0,0.14209,0
785,24023,9562,10292,3,10.25997,9.78208,0.44345,0.33876,-0,-0,0
786,35989,13467,15843,3,9.66714,10.39182,0.72100,0.57213,-0,-0,0
787,476923,91754,152945,3,13.50622,11.63388,0.61641,0.79255,11.83024,0.87841,0
788,28892,8625,15898,3,8.61444,11.26946,1.23454,0.38457,-0,-0,0
789,30399,9682,8187,3,11.50537,7.57355,0.29191,1.37881,-0,0.07981,0
790,510308,257551,120101,3,16.88227,7.83850,0.15251,0.37446,-0,0.00167,0
791,391262,209131,113270,3,16.41005,9.16943,0.17476,0.34668,-0,0.00045,0
792,37405,13481,15275,3,9.51233,10.23728,0.70387,0.56268,-0,-0,0
793,7232,4388,3978,3,9.71444,9.01599,0.14937,0.36603,-0,-0,0
794,534210,57888,124544,3,11.60101,12.36538,0.78288,0.62799,-0,0.03656,0
795,506680,53912,160273,3,11.14251,14.26536,0.67810,0.36660,3.07141,0.73070,0
796,35037,12638,14121,3,9.64227,10.24087,0.70545,0.54470,-0,-0,0
797,35417,13433,15389,3,9.79937,10.46566,0.69884,0.52566,-0,-0,0
798,361676,65664,134009,3,15.34274,11.44694,0.22086,0.15569,-0,0.04022,0
799,23507,9660,10473,3,10.39495,9.96719,0.36235,0.25785,-0,0.03908,0
800,271425,69919,97935,3,13.20240,11.87577,0.42341,0.43172,-0,0.00761,0
801,125173,49429,76135,3,12.81234,14.02919,0.36032,0.20339,-0,-0,0
802,50165,20979,23740,3,11.60694,10.74835,0.47101,0.32135,-0,0.04358,0
803,57259,21775,24469,3,11.38791,10.38069,0.52533,0.38173,-0,0.04503,0
804,33700,13650,15515,3,10.03939,10.80477,0.67445,0.49499,-0,-0,0
805,1233,1204,74,3,10.22092,1.36752,0.00813,0.98768,-0,-0,0
806,14290,8836,7625,3,11.37305,10.06777,0.27828,0.31905,-0,-0,0
807,50819,11399,17022,3,11.29567,9.56874,0.45887,0.89879,-0,-0,0
808,26276,13755,11419,3,9.96339,9.13102,0.32296,0.46165,-0,-0,0
809,582433,239202,121782,3,17.29983,7.97000,0.06467,1.05124,-0,0.09075,0
810,918025,772362,298386,3,19.33615,7.60531,0.04560,2.25885,-0,0.00775,0
811,302663,14760,34885,3,10.09516,9.02324,1.00841,1.10239,11.05162,0.98373,0
812,43425,15110,16458,3,10.52452,9.82310,0.52546,0.38192,-0,0.04570,0
813,40514,14681,16026,3,10.53705,9.98200,0.51436,0.34356,-0,0.05402,0
814,29652,21468,6060,3,12.30794,6.54017,0.28106,0.75898,-0,0.28432,0
815,466027,65624,126626,3,11.73750,12.97943,0.65218,0.48701,-0,0.27456,0
816,244606,243535,56693,3,17.88922,6.48320,0,1.34066,7.78790,0.69049,0
817,213737,53013,63511,3,13.27030,10.44774,0.16188,0.29425,-0,0.00861,0
818,56432,20335,21276,3,10.51010,9.95841,0.58327,0.47061,-0,-0,0
819,168889,25669,53437,3,10.23061,11.79162,0.86215,0.66206,-0,0.71592,0
820,81034,32336,33322,3,11.14315,10.88485,0.27802,0.29814,-0,0.03109,0
821,7728,3661,4014,3,9.61530,9.60631,0.24432,0.16438,-0,-0,0
822,491714,60805,120690,3,11.75890,12.69119,0.68285,0.55711,-0,0.03915,0
823,1591971,939925,415060,3,18.47838,11.05013,0.12512,0.54191,6.32506,1.17078,0
824,67480,23687,33994,3,11.33109,12.24302,0.49949,0.25907,-0,-0,0
825,35309,16264,18134,3,10.82298,11.29017,0.62331,0.49549,-0,-0,0
826,111993,44606,67896,3,12.86153,14.08877,0.36244,0.23900,-0,-0,0
827,48505,31649,12418,3,13.55519,6.80238,0.30237,1.17337,-0,-0,0
828,41768,20028,19213,3,11.84858,10.99583,0.44038,0.13444,-0,-0,0
829,120152,47599,66457,3,12.77895,13.01538,0.34858,0.21760,-0,-0,0
830,7569,3273,3835,3,9.37055,9.71418,0.21475,0.47920,-0,-0,0
831,286372,46733,98486,3,10.94693,13.24249,0.63607,0.35657,4.74233,0.49082,0
832,493080,67448,122381,3,12.10414,12.71178,0.62386,0.53623,-0,0.15208,0
833,8719,3619,6143,3,9.61513,11.46209,0.32898,0.19900,-0,-0,0
834,380618,114926,102172,3,14.69344,10.23126,0.38749,0.92033,9.13638,1.12508,0
835,12931,6922,5653,3,10.09550,8.86896,0.32377,0.54294,-0,-0,0
836,34726,16474,17426,3,10.92204,11.28242,0.62632,0.50748,-0,-0,0
837,22636,9268,9708,3,10.28911,9.88065,0.41229,0.28658,-0,-0,0
838,467020,19366,93675,3,9.66932,11.83149,0.94841,0.75782,-0,0.05658,0
839,79648,34924,16522,3,11.65417,7.85521,0.53773,1.22529,-0,0.07924,0
840,59224,21224,21906,3,10.48092,10.08749,0.59345,0.45846,-0,-0,0
841,82373,26262,33044,3,11.33959,10.99816,0.57108,0.57380,-0,-0,0
842,34334,15720,18387,3,10.72608,11.34161,0.65180,0.52222,-0,-0,0
843,36404,16209,18610,3,10.64594,11.23511,0.71377,0.52081,-0,-0,0
844,22486,10691,10886,3,11.10225,10.33671,0.21027,0.35582,-0,-0,0
845,398073,55004,136701,3,11.37441,13.56616,0.60046,0.40019,4.53308,0.75774,0
846,87172,10670,21194,3,6.92185,11.26082,1.06717,0.61625,-0,0.91830,0
847,58359,5245,13056,3,7.24650,9.42127,1.12660,0.63302,-0,0.04071,0
848,36450,13463,14183,3,9.57892,10.04853,0.70581,0.55928,-0,-0,0
849,702325,110037,268977,3,13.31109,13.85592,0.39868,0.32861,4.43662,0.29543,0
850,61530,38803,21653,3,12.71480,8.05957,0.60021,0.94245,-0,0.00109,0
851,24420,9403,9965,3,10.17891,9.74201,0.45078,0.32692,-0,0.11584,0
852,33557,14650,17657,3,10.50865,11.31761,0.73243,0.59376,-0,-0,0
853,133036,15563,40660,3,8.80922,12.16399,0.86754,0.42305,-0,0.05336,0
854,36823,13434,15499,3,9.71015,10.40595,0.71549,0.54617,-0,-0,0
855,39329,9594,2593,3,12.77335,2.95217,0.10487,0.32256,-0,-0,0
856,468129,54848,153330,3,11.10766,14.37974,0.64662,0.32990,1.22988,0.92229,0
857,491012,57963,152916,3,11.76956,14.03223,0.61051,0.36058,4.75998,0.53737,0
2016021612-LUN0,2761269,2030800,1974432,4,20.28677,17.85154,0.01136,0.15542,13.89431,1.47985,0
2016021612-LUN1,1955881,1564861,1384821,4,19.97598,17.52317,0.01081,0.11572,11.18314,1.57345,0
2016021612-LUN2,3402545,2508737,2130145,4,19.77699,16.91788,0.11033,0.29201,15.83697,2.04038,0
2016021612-LUN3,2049798,1640449,1393555,4,19.94388,17.33298,0.02130,0.15250,12.23713,1.73642,0
2016021612-LUN4,2387992,1949933,1493432,4,20.44389,16.01790,0.00962,0.29571,12.59162,1.71157,0
2016021612-LUN6,1838833,1415777,1115106,4,19.66662,16.15639,0.02971,0.21141,13.11481,1.90163,0
2016021613-LUN0,1894391,1333954,1127217,4,19.53276,15.90911,0.02488,0.26786,14.59048,2.06168,0
2016021613-LUN1,2264352,1716007,1435574,4,20.03299,16.63212,0.01283,0.20754,12.59427,1.92961,0
2016021613-LUN2,4597053,3345254,3066984,4,20.22225,17.89184,0.11326,0.22176,14.95756,1.79716,0
2016021613-LUN3,2271397,1756923,1440755,4,20.05516,16.71264,0.01663,0.20291,13.84490,1.91092,0
2016021613-LUN4,2821937,2359610,1911113,4,20.72960,17.25670,0.00857,0.16326,13.45900,1.62504,0
2016021613-LUN6,2558541,2026018,1768875,4,20.36048,17.43289,0.01258,0.15576,13.61156,1.52384,0
2016021614-LUN0,867967,520290,475836,4,17.59522,15.13451,0.06517,0.21685,12.49044,2.19713,0
2016021614-LUN1,1128505,789524,732994,4,18.56286,16.59028,0.03060,0.11927,11.96174,2.20692,0
2016021614-LUN2,3871405,2988848,2725282,4,20.95828,17.95833,0.00732,0.15743,15.02966,2.22816,0
2016021614-LUN3,1289238,894740,804287,4,18.68852,16.47188,0.04055,0.13816,12.26144,1.87550,0
2016021614-LUN4,1580571,1105072,947121,4,19.21973,16.07114,0.02254,0.18491,11.61709,1.98718,0
2016021614-LUN6,1133570,763234,640233,4,18.46923,15.30633,0.04337,0.22575,13.75174,1.63584,0
2016021615-LUN0,1073405,389335,432170,4,14.79803,14.11517,0.27287,0.32559,11.78153,2.00260,0
2016021615-LUN1,534529,268214,296508,4,16.22402,14.90252,0.08911,0.21252,12.97896,1.54566,0
2016021615-LUN2,1898933,1137484,827874,4,17.53870,13.54337,0.15683,0.39924,16.84598,1.48957,0
2016021615-LUN3,821226,451156,410302,4,17.18862,14.64728,0.08545,0.25670,11.83324,1.94316,0
2016021615-LUN4,527385,283181,274838,4,16.48154,14.72923,0.09123,0.18966,11.22994,1.95879,0
2016021615-LUN6,1608802,991668,906765,4,18.89102,15.56144,0.04028,0.27488,12.99227,2.15054,0
2016021616-LUN0,744634,466111,385797,4,17.43137,14.53292,0.07235,0.23001,11.95981,1.57755,0
2016021616-LUN1,749806,369643,363159,4,16.34721,14.56586,0.11719,0.23046,10.77193,2.03482,0
2016021616-LUN2,1062359,755684,600257,4,18.48063,15.37609,0.03830,0.23367,12.24942,1.28276,0
2016021616-LUN3,759483,447908,376879,4,17.21197,14.65594,0.07839,0.22159,11.74448,1.78407,0
2016021616-LUN4,778778,512930,368211,4,17.76245,13.81212,0.05607,0.31964,11.60301,1.41932,0
2016021616-LUN6,949064,575601,478758,4,17.76536,14.54786,0.06813,0.28055,11.85247,1.95712,0
2016021617-LUN0,772707,480680,403026,4,17.43121,14.81699,0.07834,0.21800,12.13082,2.19299,0
2016021617-LUN1,441199,214462,223036,4,15.96550,14.21978,0.09118,0.19365,11.63439,1.66861,0
2016021617-LUN2,672580,397327,322359,4,17.04692,14.07379,0.07239,0.26319,12.43530,1.51958,0
2016021617-LUN3,781338,466346,390757,4,17.34971,14.72023,0.07139,0.21368,12.41448,2.21740,0
2016021617-LUN4,966916,662119,485114,4,18.36047,14.72377,0.04387,0.21670,12.71483,1.54360,0
2016021617-LUN6,1008519,550165,515653,4,17.68552,15.01596,0.07756,0.22214,12.14324,1.89562,0
2016021618-LUN0,1054308,667581,548704,4,18.09293,14.72711,0.05715,0.29087,12.27390,2.06835,0
2016021618-LUN1,605819,369754,286562,4,17.12574,13.39430,0.06279,0.33769,12.48429,1.74713,0
2016021618-LUN2,715298,460597,336023,4,17.42614,13.82613,0.06183,0.29367,12.33354,1.31038,0
2016021618-LUN3,983607,527348,428845,4,17.03138,14.00734,0.12956,0.30686,11.82269,1.44018,0
2016021618-LUN4,639558,393747,293232,4,17.30076,13.56624,0.06500,0.32010,10.89643,1.44608,0
2016021618-LUN6,824068,526649,380648,4,17.70390,13.77819,0.05805,0.31255,12.25549,1.61723,0
2016021619-LUN0,1430675,843483,780654,4,18.29482,15.47917,0.07044,0.25274,11.93179,2.09964,0
2016021619-LUN1,961085,674531,490571,4,18.36626,14.31127,0.03339,0.30642,12.12318,1.67798,0
2016021619-LUN2,1644153,1297285,873589,4,19.58358,14.68776,0.02067,0.30825,16.03262,1.43819,0
2016021619-LUN3,1133348,807190,560950,4,18.60536,14.45942,0.04039,0.29257,12.29776,1.77777,0
2016021619-LUN4,805270,586463,355945,4,18.19334,13.22182,0.04049,0.36156,12.11061,1.36385,0
2016021619-LUN6,948330,665632,471413,4,18.22004,14.23132,0.04585,0.30641,11.99386,1.29677,0
2016021620-LUN0,1124327,728363,600972,4,18.33937,14.77787,0.04969,0.29193,12.19714,1.51608,0
2016021620-LUN1,653388,413874,324989,4,17.29880,14.28504,0.06003,0.24413,11.69782,1.92035,0
2016021620-LUN2,1147164,860072,579732,4,18.75482,14.42775,0.03483,0.29271,13.37836,1.45156,0
2016021620-LUN3,1252039,687898,556177,4,18.38842,14.44789,0.05339,0.24359,11.92258,1.78886,0
2016021620-LUN4,1322094,1062252,571227,4,19.42961,12.72792,0.01944,0.36004,11.56982,1.22216,0
2016021620-LUN6,944526,681666,424774,4,18.35301,13.30579,0.03788,0.37256,12.25265,1.12857,0
2016021707-LUN0,15118,14145,9333,4,13.66365,11.17618,0.00266,0.08773,6.97728,1.84031,0
2016021707-LUN1,15567,11542,8761,4,13.16536,10.21777,0.01040,0.25519,5.95420,0.75541,0
2016021707-LUN2,85842,83086,49263,4,16.28979,11.03264,0.00042,0.42790,12.20365,0.11985,0
2016021707-LUN3,6754,5771,4719,4,12.26571,11.15171,0.00551,0.03687,5.61471,1.51896,0
2016021707-LUN4,2227,1544,1691,4,10.21736,10.07349,0.01114,0.01271,1.58496,-0,0
2016021707-LUN6,10713,7249,6303,4,12.23869,10.81393,0.04188,0.16465,7.46384,0.51496,0
2016021708-LUN0,2464281,1918142,1701522,4,20.27900,17.53750,0.01491,0.16238,13.65841,1.88787,0
2016021708-LUN1,1457956,1043692,899765,4,19.11129,16.22835,0.02405,0.20661,11.49697,2.21583,0
2016021708-LUN3,2096251,1579781,1212220,4,19.82983,16.11311,0.02919,0.27400,15.67956,1.50101,0
2016021708-LUN4,1566986,1264739,899378,4,19.63620,15.48075,0.01548,0.30388,14.91983,1.44053,0
2016021708-LUN6,1772415,1381455,1023762,4,19.73483,15.46037,0.01876,0.28547,15.06660,1.37209,0
2016021709-LUN0,2558023,1987265,1760999,4,20.27196,17.50577,0.01433,0.17714,12.26381,1.78343,0
2016021709-LUN1,2351642,1688123,1569314,4,19.92742,17.03015,0.01581,0.22128,13.98225,1.90936,0
2016021709-LUN2,3169007,2024221,1827082,4,18.79030,16.68171,0.16076,0.28741,12.51194,1.70747,0
2016021709-LUN4,2551815,1922547,1857404,4,20.36744,17.89951,0.00690,0.16865,11.92365,1.81671,0
cassandra-0,3274,3057,1024,4,11.51728,6.50491,0.01270,0.12301,-0,0.98125,0
cassandra-1,2734,2669,994,4,11.36793,6.82630,0.00147,0.10328,-0,0.02640,0
cassandra-2,2731,2656,985,4,11.35689,6.78630,0.00147,0.10828,-0,-0,0
clojure-0,2807,2747,1025,4,11.41078,6.67781,0.00214,0.13328,-0,0.44586,0
clojure-1,2793,2734,1021,4,11.40464,6.68396,0.00215,0.12708,-0,0.44719,0
clojure-2,2793,2734,1018,4,11.40464,6.67571,0.00215,0.12778,-0,0.44586,0
crate-0,3447,3397,1206,4,11.72063,7.39434,0.00174,0.06484,-0,-0,0
crate-1,3420,3370,1175,4,11.70974,7.29757,0.00234,0.07265,-0,-0,0
crate-2,3402,3342,1177,4,11.69608,7.33460,0.00294,0.06844,-0,-0,0
crate-init,537,471,60,4,8.76286,1.95623,0.04571,0.17035,-0,0.80381,0
django-0,1548,1443,484,4,10.45691,4.79995,0.00777,0.23427,-0,-0,0
django-1,1387,1293,472,4,10.30166,5.00681,0.00868,0.22273,-0,-0,0
django-2,1387,1293,474,4,10.30166,5.01114,0.00868,0.22273,-0,-0,0
drupal-0,1140,1089,379,4,10.06468,4.75079,0.00528,0.25617,-0,-0,0
drupal-1,1220,1169,388,4,10.16844,4.63346,0.00329,0.26512,-0,-0,0
drupal-2,1105,1055,375,4,10.01865,4.81211,0.00363,0.24389,-0,-0,0
elasticsearch-0,2990,2923,1055,4,11.49940,7.07088,0.00134,0.08977,-0,0.03027,0
elasticsearch-1,2970,2918,1059,4,11.50030,7.09293,0.00135,0.08537,-0,0.03035,0
elasticsearch-2,2924,2886,1053,4,11.48705,7.14484,0.00068,0.08575,-0,0.03269,0
gcc-0,934,895,331,4,9.78296,4.72047,0,0.21102,-0,-0,0
gcc-1,942,899,327,4,9.78749,4.68975,0,0.20269,-0,-0,0
gcc-2,942,899,329,4,9.78749,4.69480,0,0.20056,-0,-0,0
ghost-0,4116,3790,1562,4,11.84719,6.65342,0.01265,0.21662,-0,-0,0
ghost-1,4091,3765,1545,4,11.83837,6.64212,0.01126,0.21093,-0,-0,0
ghost-2,4120,3766,1561,4,11.83573,6.64802,0.01166,0.20671,-0,-0,0
ghost-init,925,459,61,4,8.69655,1.58213,0.05637,0.14922,-0,0.52855,0
glassfish-0,7403,7219,1581,4,12.80150,4.99976,0.00189,0.27300,-0,0.54834,0
glassfish-1,7249,7108,1558,4,12.78368,4.96175,0.00166,0.26232,-0,0.56522,0
glassfish-2,7221,7100,1564,4,12.78388,5.01792,0.00194,0.26983,-0,0.57954,0
golang-0,1251,1168,238,4,10.15557,4.03844,0.00642,0.26901,-0,-0,0
golang-1,1253,1164,236,4,10.14851,3.95807,0.00961,0.28160,-0,-0,0
golang-2,1253,1164,239,4,10.14851,3.97919,0.00961,0.28000,-0,-0,0
haskell-0,2199,2105,835,4,11.01424,6.33997,0.00182,0.13913,-0,0.75630,0
haskell-1,1976,1921,817,4,10.89232,6.49673,0.00203,0.11936,-0,0.21907,0
haskell-2,1976,1921,818,4,10.89232,6.50455,0.00203,0.12422,-0,0.22136,0
hello-world-init,873,398,56,4,8.49352,1.34730,0.06272,0.13955,-0,0.17926,0
hylang-0,1309,1223,392,4,10.22227,4.55463,0.00613,0.25442,-0,-0,0
hylang-1,1324,1237,397,4,10.23870,4.55427,0.00606,0.25630,-0,-0,0
hylang-2,1334,1237,400,4,10.23329,4.56268,0.00602,0.25437,-0,-0,0
java-0,1561,1512,524,4,10.54371,5.42923,0.00257,0.20327,-0,0.18911,0
java-1,1423,1381,512,4,10.41516,5.65710,0.00282,0.19220,-0,0.22904,0
java-2,1411,1369,510,4,10.40244,5.62692,0.00284,0.19384,-0,0.22904,0
jenkins-0,3744,3532,949,4,11.74848,5.23511,0.00481,0.18055,-0,0.29994,0
jenkins-1,3456,3351,867,4,11.69286,5.08956,0.00174,0.14012,-0,0.33796,0
jenkins-2,3431,3339,852,4,11.68951,4.99950,0.00175,0.13509,-0,0.32315,0
jetty-0,1933,1860,705,4,10.83884,6.19839,0.00311,0.17247,-0,0.02510,0
jetty-1,1833,1781,715,4,10.78284,6.40195,0.00219,0.14037,-0,0.02868,0
jetty-2,1858,1783,713,4,10.77758,6.35000,0.00539,0.15624,-0,0.02840,0
jruby-0,2878,2674,827,4,11.32256,5.86167,0.01306,0.13739,-0,0.95884,0
jruby-1,2268,2219,774,4,11.10366,6.21588,0.00088,0.11886,-0,-0,0
jruby-2,2302,2243,772,4,11.11708,6.15610,0.00174,0.11988,-0,-0,0
mariadb-0,1046,948,380,4,9.82914,5.29532,0.01114,0.24269,-0,0.08451,0
mariadb-1,987,920,366,4,9.80024,5.22261,0.00534,0.23092,-0,0.06083,0
mariadb-2,942,896,351,4,9.77050,5.24379,0,0.20215,-0,-0,0
mysql-0,1000,915,384,4,9.79303,5.53443,0.00602,0.18182,-0,-0,0
mysql-1,950,864,352,4,9.70403,5.13435,0.00634,0.20785,-0,-0,0
mysql-2,928,849,360,4,9.68475,5.32257,0.00649,0.19598,-0,-0,0
percona-0,1062,974,403,4,9.88425,5.52321,0.00756,0.18889,-0,-0,0
percona-1,925,868,362,4,9.72790,5.21390,0.00434,0.20714,-0,-0,0
percona-2,925,868,358,4,9.72790,5.20606,0.00434,0.20714,-0,-0,0
percona-init,934,485,66,4,8.76244,1.64126,0.05257,0.14727,-0,0.59356,0
php-zendserver-0,3577,3292,1167,4,11.63068,6.22378,0.00725,0.19159,-0,0.76100,0
php-zendserver-1,3706,3487,1232,4,11.72926,6.04611,0.00530,0.21027,-0,0.02766,0
php-zendserver-2,3253,3066,1147,4,11.54513,6.28707,0.00592,0.17780,-0,0.02415,0
postgres-0,2170,1989,618,4,10.91320,6.06110,0.00739,0.14481,-0,-0,0
postgres-1,2131,1960,626,4,10.89513,6.13459,0.00846,0.14649,-0,-0,0
postgres-2,2150,1963,629,4,10.89414,6.12496,0.00932,0.14883,-0,-0,0
pypy-0,1145,1087,441,4,10.05742,5.25006,0.00526,0.19844,-0,-0,0
pypy-1,1090,1038,441,4,9.99217,5.43153,0.00552,0.18605,-0,-0,0
pypy-2,1103,1038,441,4,9.98662,5.38855,0.00728,0.19540,-0,-0,0
r-base-0,1007,956,285,4,9.87381,4.02965,0.00199,0.27222,-0,-0,0
r-base-1,1047,994,283,4,9.93008,3.90477,0.00192,0.27410,-0,-0,0
r-base-2,1013,962,283,4,9.88298,3.98504,0.00198,0.27078,-0,-0,0
rabbitmq-0,1488,1354,443,4,10.35299,5.70214,0.01348,0.16931,-0,0.67174,0
rabbitmq-1,1312,1226,416,4,10.22588,5.70603,0.01223,0.17224,-0,0.02714,0
rabbitmq-2,1307,1220,421,4,10.21776,5.85084,0.01228,0.16184,-0,0.02897,0
rails-0,8038,7737,1219,4,12.88696,4.64127,0.00414,0.37789,-0,0.07369,0
rails-1,7814,7554,1178,4,12.85026,4.66731,0.00363,0.39204,-0,0.10352,0
rails-2,7787,7527,1193,4,12.84572,4.70012,0.00338,0.39546,-0,0.10226,0
registry-0,2195,2002,783,4,10.92182,5.73600,0.01187,0.23916,-0,-0,0
registry-1,2251,2084,814,4,10.98675,5.86026,0.00890,0.22360,-0,-0,0
registry-2,2274,2107,732,4,11.00293,5.50114,0.00881,0.25172,-0,-0,0
sonarqube-0,8626,8304,2061,4,12.97859,6.82616,0.00504,0.15239,-0,0.52082,0
sonarqube-1,8502,8292,2001,4,12.99652,6.79547,0.00259,0.14190,-0,0.42347,0
sonarqube-2,8477,8268,1979,4,12.98258,6.78759,0.00285,0.13491,-0,0.55474,0
tomcat-0,2281,2218,868,4,11.09933,6.62697,0.00264,0.12722,-0,-0,0
tomcat-1,2184,2126,888,4,11.03826,6.82949,0.00367,0.12677,-0,0.02941,0
tomcat-2,2294,2208,896,4,11.08736,6.65787,0.00611,0.14348,-0,0.02494,0
log106_Messaging,5702,2805,2714,4,8.29455,8.47661,0.32504,0.03131,-0,-0,0
log111_email,2906,1893,1387,4,10.12705,8.41311,0.05443,0.04581,-0,0.73551,0
log121_Movie,4781,4699,307,4,12.17499,3.69236,0.00408,0.55118,-0,0.10865,0
log125_copyHtoD,9278,4897,3346,4,10.84760,8.70162,0.13517,0.20721,-0,0.14731,0
log126_copyDtoH,79065,77723,2589,4,16.22689,3.20740,0.00263,0.88118,-0,1.01346,0
log131_music,6913,4711,3194,4,11.00823,9.21844,0.16261,0.17332,-0,0.06119,0
log132_radio,5820,4122,3641,4,10.88723,10.16045,0.03968,0.00557,-0,-0,0
log136_idle,6932,4558,4102,4,11.06920,10.12943,0.06845,0.01216,-0,1,0
log146_callIn,1491,1028,910,4,9.20178,8.47089,0.05217,0.00320,-0,-0,0
log147_callout,1569,1018,914,4,9.05955,8.39818,0.08361,0.01895,-0,-0,0
log152_YouTube,2080,1740,996,4,10.24388,7.29677,0.01428,0.15689,-0,-0,0
log156_download,11670,5643,5592,4,7.80886,8.78885,0.60362,0.01624,-0,0.41382,0
log161_cameraVideo,9348,7824,3480,4,12.67052,8.79990,0.02658,0.10751,-0,1.70771,0
log166_webBrowsing,4090,2829,2507,4,10.59041,9.78629,0.07195,0.05135,-0,0.73551,0
log171_angrybird,3215,2377,1820,4,10.40126,9.09665,0.04739,0.03958,-0,0.32276,0
log176_Booting,18417,14787,8439,4,12.99158,10.01282,0.07902,0.16764,-0,0.67305,0
log181_Installing,17952,9051,8958,4,10.01744,10.36117,0.34022,0.04131,-0,-0,0
log186_twitter,13807,6503,6143,4,8.73491,9.08111,0.57598,0.06082,-0,1.07354,0
log191_facebook,3897,2563,1995,4,10.10805,8.97228,0.11957,0.03242,-0,0.59167,0
log196_Amazon,3173,2120,1783,4,9.85775,9.16354,0.11020,0.04741,-0,-0,0
log201_GoogleMap,12603,7212,6342,4,10.76182,10.02282,0.14452,0.02102,2.17095,0.88738,0
log202_GoogleMap,6266,3494,3061,4,9.53384,9.16079,0.33671,0.01880,1,0.66856,0
log220_MusicWebBrowse,13204,8133,7040,4,11.68231,10.54535,0.08938,0.04585,-0,0.91830,0
log225_MusicFaceBook,35136,13881,12351,4,9.32486,9.12190,0.76338,0.41094,-0,0.07527,0
log225_MusicTwitter,30057,11056,10753,4,8.60692,8.78178,0.80249,0.58517,-0,-0,0
log230_MusicMessage,16504,7617,7835,4,9.47583,9.94149,0.29802,0.08882,-0,-0,0
log235_RadioFaceBook,10495,4964,4640,4,9.34001,9.35221,0.35239,0.09192,-0,-0,0
log240_RadioMessage,11101,5608,5530,4,9.01970,9.44094,0.30596,0.00420,-0,-0,0
log245_MusicFaceBook,35136,13881,12351,4,9.32486,9.12190,0.76338,0.41094,-0,0.07527,0
log250_RadioWebBrowse,11997,8580,6570,4,12.14198,10.38918,0.05926,0.02499,-0,0.90239,0
log260_FaceBookHandOuts,15601,7171,6138,4,9.33564,9.07483,0.56525,0.08534,-0,0.81669,0
748,159688,65595,59446,4,14.25638,11.18945,0.11721,0.14233,-0,0.02521,0
749,33754,13847,15315,4,11.02345,10.47527,0.20100,0.16056,-0,-0,0
750,76374,17945,23188,4,9.67913,9.39792,0.57049,0.52333,-0,-0,0
751,50302,8597,8522,4,6.72100,8.23474,1.02745,0.59827,-0,0.05841,0
752,38111,25692,622,4,14.51353,1.99977,0.00527,0.18044,-0,-0,0
753,69784,21530,27778,4,10.87683,11.34476,0.31182,0.16575,-0,-0,0
754,35446,13724,15432,4,9.77819,10.46605,0.54141,0.38615,-0,-0,0
755,40463,16979,18084,4,11.10931,10.45334,0.27639,0.20523,-0,-0,0
756,22626,9391,10831,4,9.36517,11.19889,0.23726,0.09811,-0,-0,0
757,36789,13730,14522,4,9.72368,10.21262,0.54825,0.38643,-0,-0,0
758,63054,30223,36343,4,12.43523,11.63265,0.04523,0.02932,-0,-0,0
759,52235,35614,14250,4,14.09188,6.92383,0.06763,0.80473,-0,-0,0
760,69306,21093,26113,4,10.73098,11.02225,0.35199,0.22006,-0,-0,0
761,379717,75003,126697,4,12.02278,13.00056,0.29277,0.20507,-0,0.01475,0
762,17107,10590,7077,4,11.19294,8.96433,0.06258,0.13769,-0,-0,0
763,278175,47796,112440,4,11.08923,13.97789,0.25553,0.17190,3.70008,1.54717,0
764,39879,19729,19205,4,12.04803,11.24944,0.11367,0.04042,-0,-0,0
765,492389,49884,114766,4,12.57350,9.65935,0.28010,0.43846,-0,-0,0
766,59322,40226,5878,4,15.07013,3.16946,0.03514,0.77338,-0,0.41880,0
767,21291,11358,13114,4,9.31695,10.72946,0.04399,0.02827,-0,-0,0
768,515408,244297,113372,4,16.69677,8.42570,0.09476,0.33112,-0,-0,0
769,180889,29854,46187,4,9.61546,11.86222,0.53652,0.35671,-0,0.20873,0
770,75603,36817,36768,4,12.28070,11.40932,0.22916,0.14193,-0,-0,0
771,332642,81992,82817,4,14.05368,10.42445,0.26192,0.38742,6.26056,0.80670,0
772,7697,4007,4561,4,10.05460,10.09825,0.10672,0.02587,-0,-0,0
773,469569,68153,151802,4,11.61532,13.72074,0.29459,0.22900,4.54686,0.41021,0
774,63376,28766,32697,4,13.18202,10.45622,0.00404,0.02116,-0,-0,0
775,432342,109665,90668,4,14.64043,9.50165,0.25465,0.53334,6.37380,0.61477,0
776,34934,14655,17343,4,10.33012,11.25926,0.56201,0.30377,-0,-0,0
777,12574,6454,4318,4,11.95518,7.40948,0.08706,0.44569,-0,0.25659,0
778,35778,13168,15228,4,9.63108,10.50501,0.56620,0.40971,-0,-0,0
779,493860,280029,117831,4,17.03703,8.28791,0.08366,0.30563,-0,-0,0
780,76297,28414,40317,4,11.71282,12.60969,0.23234,0.13477,-0,0.05485,0
781,59243,24814,29758,4,11.38277,11.36641,0.18065,0.14749,-0,-0,0
782,59295,20271,27155,4,11.84022,11.92341,0.15372,0.05408,-0,-0,0
783,316596,57510,81913,4,10.94004,11.31052,0.36786,0.28734,-0,0.00107,0
784,24526,10080,10923,4,10.47948,9.95682,0.24098,0.19124,-0,-0,0
785,24023,9562,10292,4,10.25997,9.78208,0.30787,0.22501,-0,-0,0
786,35989,13467,15843,4,9.66714,10.39182,0.57203,0.41157,-0,-0,0
787,476923,91754,152945,4,13.50622,11.63388,0.31925,0.45636,11.36333,0.88957,0
788,28892,8625,15898,4,8.61444,11.26946,0.38395,0.14644,-0,-0,0
789,30399,9682,8187,4,11.50537,7.57355,0.22119,0.58826,-0,0.06634,0
790,510308,257551,120101,4,16.88227,7.83850,0.08531,0.32858,-0,0.00133,0
791,391262,209131,113270,4,16.41005,9.16943,0.10441,0.28838,-0,0.00025,0
792,37405,13481,15275,4,9.51233,10.23728,0.55942,0.41897,-0,-0,0
793,7232,4388,3978,4,9.71444,9.01599,0.10130,0.08018,-0,-0,0
794,534210,57888,124544,4,11.60101,12.36538,0.44879,0.34712,-0,0.01320,0
795,506680,53912,160273,4,11.14251,14.26536,0.29915,0.19108,2.95457,0.68349,0
796,35037,12638,14121,4,9.64227,10.24087,0.54437,0.38362,-0,-0,0
797,35417,13433,15389,4,9.79937,10.46566,0.52539,0.36223,-0,-0,0
798,361676,65664,134009,4,15.34274,11.44694,0.04046,0.08552,-0,-0,0
799,23507,9660,10473,4,10.39495,9.96719,0.22523,0.16700,-0,0.03011,0
800,271425,69919,97935,4,13.20240,11.87577,0.27376,0.30619,-0,0.00349,0
801,125173,49429,76135,4,12.81234,14.02919,0.20314,0.10260,-0,-0,0
802,50165,20979,23740,4,11.60694,10.74835,0.29400,0.20450,-0,-0,0
803,57259,21775,24469,4,11.38791,10.38069,0.34136,0.25369,-0,-0,0
804,33700,13650,15515,4,10.03939,10.80477,0.49448,0.33966,-0,-0,0
805,1233,1204,74,4,10.22092,1.36752,0.00651,0.90975,-0,-0,0
806,14290,8836,7625,4,11.37305,10.06777,0.14488,0.02894,-0,-0,0
807,50819,11399,17022,4,11.29567,9.56874,0.29253,0.54307,-0,-0,0
808,26276,13755,11419,4,9.96339,9.13102,0.10290,0.07534,-0,-0,0
809,582433,239202,121782,4,17.29983,7.97000,0.02230,0.72744,-0,0.07532,0
810,918025,772362,298386,4,19.33615,7.60531,0.03677,1.12230,-0,0.00849,0
811,302663,14760,34885,4,10.09516,9.02324,0.67527,0.82904,10.96913,0.96012,0
812,43425,15110,16458,4,10.52452,9.82310,0.31830,0.25431,-0,-0,0
813,40514,14681,16026,4,10.53705,9.98200,0.30385,0.23488,-0,0.02288,0
814,29652,21468,6060,4,12.30794,6.54017,0.15279,0.49793,-0,1.84945,0
815,466027,65624,126626,4,11.73750,12.97943,0.35401,0.24113,-0,0.22523,0
816,244606,243535,56693,4,17.88922,6.48320,0,1.00506,3.16993,0.56727,0
817,213737,53013,63511,4,13.27030,10.44774,0.09720,0.23008,-0,0.00680,0
818,56432,20335,21276,4,10.51010,9.95841,0.44809,0.31642,-0,-0,0
819,168889,25669,53437,4,10.23061,11.79162,0.59933,0.42504,-0,0.79654,0
820,81034,32336,33322,4,11.14315,10.88485,0.14048,0.18157,-0,0.02417,0
821,7728,3661,4014,4,9.61530,9.60631,0.16005,0.03085,-0,-0,0
822,491714,60805,120690,4,11.75890,12.69119,0.37234,0.28978,-0,0.02383,0
823,1591971,939925,415060,4,18.47838,11.05013,0.06091,0.37555,6.09297,1.16480,0
824,67480,23687,33994,4,11.33109,12.24302,0.23292,0.11846,-0,-0,0
825,35309,16264,18134,4,10.82298,11.29017,0.49533,0.26749,-0,-0,0
826,111993,44606,67896,4,12.86153,14.08877,0.23875,0.13128,-0,-0,0
827,48505,31649,12418,4,13.55519,6.80238,0.10660,0.87412,-0,-0,0
828,41768,20028,19213,4,11.84858,10.99583,0.13112,0.07706,-0,-0,0
829,120152,47599,66457,4,12.77895,13.01538,0.21732,0.12346,-0,-0,0
830,7569,3273,3835,4,9.37055,9.71418,0.14782,0.09299,-0,-0,0
831,286372,46733,98486,4,10.94693,13.24249,0.29329,0.19643,4.68287,0.43496,0
832,493080,67448,122381,4,12.10414,12.71178,0.33665,0.26317,-0,0.07814,0
833,8719,3619,6143,4,9.61513,11.46209,0.19588,0.08260,-0,-0,0
834,380618,114926,102172,4,14.69344,10.23126,0.23873,0.44411,8.90136,1.05478,0
835,12931,6922,5653,4,10.09550,8.86896,0.04434,0.06394,-0,-0,0
836,34726,16474,17426,4,10.92204,11.28242,0.50635,0.23936,-0,-0,0
837,22636,9268,9708,4,10.28911,9.88065,0.26263,0.17828,-0,-0,0
838,467020,19366,93675,4,9.66932,11.83149,0.65585,0.57942,-0,0.11982,0
839,79648,34924,16522,4,11.65417,7.85521,0.37691,0.78937,-0,0.06956,0
840,59224,21224,21906,4,10.48092,10.08749,0.43033,0.35590,-0,-0,0
841,82373,26262,33044,4,11.33959,10.99816,0.27202,0.23088,-0,-0,0
842,34334,15720,18387,4,10.72608,11.34161,0.52121,0.28129,-0,-0,0
843,36404,16209,18610,4,10.64594,11.23511,0.52050,0.26925,-0,-0,0
844,22486,10691,10886,4,11.10225,10.33671,0.10038,0.05312,-0,-0,0
845,398073,55004,136701,4,11.37441,13.56616,0.31059,0.23246,4.51486,0.50729,0
846,87172,10670,21194,4,6.92185,11.26082,0.61107,0.21641,-0,0.91830,0
847,58359,5245,13056,4,7.24650,9.42127,0.56606,0.45065,-0,0.03003,0
848,36450,13463,14183,4,9.57892,10.04853,0.55900,0.39725,-0,-0,0
849,702325,110037,268977,4,13.31109,13.85592,0.13297,0.19045,4.40202,0.26784,0
850,61530,38803,21653,4,12.71480,8.05957,0.17806,0.74983,-0,-0,0
851,24420,9403,9965,4,10.17891,9.74201,0.29351,0.20281,-0,-0,0
852,33557,14650,17657,4,10.50865,11.31761,0.59354,0.27059,-0,-0,0
853,133036,15563,40660,4,8.80922,12.16399,0.35585,0.19775,-0,-0,0
854,36823,13434,15499,4,9.71015,10.40595,0.54613,0.37927,-0,-0,0
855,39329,9594,2593,4,12.77335,2.95217,0.08000,0.28922,-0,-0,0
856,468129,54848,153330,4,11.10766,14.37974,0.28568,0.18100,1.33364,0.85629,0
857,491012,57963,152916,4,11.76956,14.03223,0.32263,0.22885,4.66773,0.49036,0
